,Unnamed: 0,Unnamed: 0.1,Indent,Description,hs_code,sc_names
0,0,0,0.0,Fuel wood &&  in logs &&  in billets &&  in twigs &&  in faggots or in similar forms; wood in chips or particles; sawdust && wood waste && scrap &&  whether or not agglomerated in logs &&  briquettes &&  pellets or similar forms,4401,
1,1,1,1.0,Fuel wood &&  in logs &&  in billets &&  in twigs &&  in faggots or in similar forms,4401.10.00,
2,2,2,1.0,Wood in chips or particles,4401.21.00,
3,3,3,2.0,Coniferous,4401.21.00,
4,4,4,2.0,Nonconiferous,4401.22.00,
5,5,5,1.0,Sawdust && wood waste && scrap &&  whether or not agglomerated in logs &&  briquettes &&  pellets or similar forms,4401.31.00,
6,6,6,2.0,Wood pellets,4401.31.00,
7,7,7,2.0,Other,4401.39,
8,8,8,3.0,Artificial fire logs composed of wax && sawdust &&  with or without added materials,4401.39.20,
9,9,9,3.0,Other,4401.39.40,
10,10,10,4.0,Sawdust not agglomerated,4401.39.40.10,
11,11,11,4.0,Shavings,4401.39.40.20,
12,12,12,4.0,Other,4401.39.40.90,
13,13,13,0.0,Wood charcoal (including shell or nut charcoal) &&  whether or not agglomerated,4402,
14,14,14,1.0,Of bamboo,4402.10.00,
15,15,15,1.0,Other,4402.90.00,
16,16,16,0.0,Wood in the rough &&  whether or not stripped of bark or sap-wood &&  or roughly squared,4403,
17,17,17,1.0,Treated with paint &&  stain &&  creosote or other preservatives,4403.10.00,
18,18,18,2.0,Poles &&  piles && posts,4403.10.00.20,
19,19,19,3.0,Telephone &&  telegraph && electrical power poles,4403.10.00.20,
20,20,20,3.0,Fence posts,4403.10.00.40,
21,21,21,3.0,Other,4403.10.00.50,
22,22,22,2.0,Other,4403.10.00.60,
23,23,23,1.0,Other &&  coniferous,4403.20.00,
24,24,24,2.0,Pulpwood,4403.20.00.4,
25,25,25,3.0,Balsam &&  fir or spruce,4403.20.00.4,
26,26,26,3.0,Other,4403.20.00.8,
27,27,27,2.0,Poles &&  piles && posts,4403.20.00.12,
28,28,28,3.0,Telephone &&  telegraph && electrical power poles,4403.20.00.12,
29,29,29,3.0,Fence posts,4403.20.00.15,
30,30,30,3.0,Other,4403.20.00.16,
31,31,31,2.0,Logs && timber,4403.20.00.20,
32,32,32,3.0,Pine ( Pinus spp.),4403.20.00.20,Pinus spp.
33,33,33,4.0,Southern yellow pine (Loblolly pine ( Pinus taeda )) &&  long leaf pine ( Pinus palustris ) &&  pitch pine (  Pinus rigida  ) &&  short leaf pine ( Pinus echinada ) &&  slash pine ( Pinus elliottii,4403.20.00.20,Pinus echinada;Pinus palustris;Pinus taeda;Pinus elliottii;Pinus spp.
34,34,34,4.0,Ponderosa pine ( Pinus ponderosa ),4403.20.00.25,Pinus spp.;Pinus ponderosa
35,35,35,4.0,Other,4403.20.00.30,Pinus spp.
36,36,36,3.0,Spruce ( Picea spp.),4403.20.00.35,Picea spp.
37,37,37,3.0,Douglas-fir ( Pseudotsuga menziesii ),4403.20.00.40,Pseudotsuga menziesii
38,38,38,3.0,Other fir; balsam,4403.20.00.42,
39,39,39,3.0,Port Orford cedar ( Chamaecyparis lawsoniana ),4403.20.00.45,Chamaecyparis lawsoniana
40,40,40,3.0,Western hemlock ( Tsugo meterophylla ),4403.20.00.50,Tsugo meterophylla
41,41,41,3.0,Other hemlock,4403.20.00.52,
42,42,42,3.0,Western red cedar ( Thuja plicata ),4403.20.00.55,Thuja plicata
43,43,43,3.0,Other cedar,4403.20.00.57,
44,44,44,3.0,Other,4403.20.00.63,
45,45,45,2.0,Other,4403.20.00.65,
46,46,46,1.0,Other &&  of tropical wood specified in subheading note 1 to this chapter,4403.41.00,
47,47,47,2.0,Dark Red Meranti &&  Light Red Meranti && Meranti Bakau,4403.41.00,
48,48,48,2.0,Other,4403.49.00,
49,49,49,1.0,Other,4403.91.00,
50,50,50,2.0,Of oak ( Quercus spp.),4403.91.00,Quercus spp.
51,51,51,3.0,Of red oak,4403.91.00.20,Quercus spp.
52,52,52,3.0,Other,4403.91.00.40,Quercus spp.
53,53,53,2.0,Of beech ( Fagus spp.),4403.92.00,Fagus spp.
54,54,54,2.0,Other,4403.99.00,
55,55,55,3.0,Pulpwood,4403.99.00.22,
56,56,56,4.0,Of poplar &&  aspen or cottonwood,4403.99.00.22,
57,57,57,4.0,Other,4403.99.00.24,
58,58,58,3.0,Poles &&  piles && posts,4403.99.00.26,
59,59,59,4.0,Of poplar &&  aspen or cottonwood,4403.99.00.26,
60,60,60,4.0,Of birch,4403.99.00.27,
61,61,61,4.0,Other,4403.99.00.29,
62,62,62,3.0,Other,4403.99.00.30,
63,63,63,4.0,Of birch ( Betula spp.),4403.99.00.30,Betula spp.
64,64,64,4.0,Of ash ( Fraxinus spp.),4403.99.00.40,Fraxinus spp.
65,65,65,4.0,Of western red alder ( Alnus rubra ),4403.99.00.50,Alnus rubra
66,66,66,4.0,Of cherry ( Prunus spp.),4403.99.00.55,Prunus spp.
67,67,67,4.0,Of maple ( Acer spp.),4403.99.00.60,Acer spp.
68,68,68,4.0,Of yellow poplar (  Liriodendron tulipifera  ),4403.99.00.65,
69,69,69,4.0,Of other poplar; of aspen or cottonwood,4403.99.00.67,
70,70,70,4.0,Of walnut ( Juglans spp.),4403.99.00.70,Juglans spp.
71,71,71,4.0,Of paulownia ( Paulownia spp.),4403.99.00.75,Paulownia spp.
72,72,72,4.0,Other,4403.99.00.91,
73,73,73,0.0,Hoopwood; split poles; piles &&  pickets && stakes of wood &&  pointed but not sawn lengthwise; wooden sticks &&  roughly trimmed but not turned &&  bent or otherwise worked &&  suitable for the manufacture of walking-sticks &&  umbrellas &&  tool handles or the like; chipwo,4404,
74,74,74,1.0,Coniferous,4404.10.00,
75,75,75,2.0,Fence pickets &&  palings && rails,4404.10.00.40,
76,76,76,2.0,Poles &&  piles && posts,4404.10.00.80,
77,77,77,2.0,Other,4404.10.00.90,
78,78,78,1.0,Nonconiferous,4404.20.00,
79,79,79,2.0,Fence pickets &&  palings && rails,4404.20.00.40,
80,80,80,2.0,Poles &&  piles && posts,4404.20.00.80,
81,81,81,2.0,Other,4404.20.00.90,
82,82,82,0.0,Wood wool (excelsior); wood flour,4405.00.00,
83,83,83,0.0,Railway or tramway sleepers (cross-ties) of wood,4406,
84,84,84,1.0,Not impregnated,4406.10.00,
85,85,85,1.0,Other,4406.90.00,
86,86,86,0.0,Wood sawn or chipped lengthwise &&  sliced or peeled &&  whether or not planed &&  sanded or end-jointed &&  of a thickness exceeding 6 mm,4407,
87,87,87,1.0,Coniferous,4407.10.01,
88,88,88,2.0,Finger-jointed,4407.10.01.1,
89,89,89,2.0,Other,4407.10.01.2,
90,90,90,3.0,Treated with paint &&  stain &&  creosote &&  or other preservative,4407.10.01.2,
91,91,91,3.0,Not treated,4407.10.01.15,
92,92,92,4.0,"Mixtures of spruce &&  pine &&  && fir (""S-P-F"")",4407.10.01.15,
93,93,93,4.0,"Mixtures of western hemlock && amabilis fir (""hem-fir"")",4407.10.01.16,
94,94,94,4.0,Other,4407.10.01.17,
95,95,95,5.0,Sitka spruce ( Picea sitchensis ),4407.10.01.17,Picea sitchensis
96,96,96,6.0,Rough,4407.10.01.17,Picea sitchensis
97,97,97,6.0,Other,4407.10.01.18,Picea sitchensis
98,98,98,5.0,Other spruce,4407.10.01.19,
99,99,99,6.0,Rough,4407.10.01.19,
100,100,100,6.0,Other,4407.10.01.20,
101,101,101,5.0,Eastern white pine (  Pinus strobus  ) && red pine ( Pinus resinosa ),4407.10.01.42,Pinus resinosa
102,102,102,6.0,Rough,4407.10.01.42,Pinus resinosa
103,103,103,6.0,Other,4407.10.01.43,Pinus resinosa
104,104,104,5.0,Lodgepole pine (  Pinus contorta  ),4407.10.01.44,
105,105,105,6.0,Rough,4407.10.01.44,
106,106,106,6.0,Other,4407.10.01.45,
107,107,107,5.0,Southern yellow pine (Loblolly pine ( Pinus taeda )) &&  long leaf pine ( Pinus palustris ) &&  pitch pine (  Pinus rigida  ) &&  short leaf pine ( Pinus echinata ) &&  slash pine ( Pinus elliottii ) && Virginia pine ( Pinus virginiana,4407.10.01.46,Pinus palustris;Pinus taeda;Pinus elliottii;Pinus echinata;Pinus virginiana
108,108,108,6.0,Rough,4407.10.01.46,Pinus palustris;Pinus taeda;Pinus elliottii;Pinus echinata;Pinus virginiana
109,109,109,6.0,Other,4407.10.01.47,Pinus palustris;Pinus taeda;Pinus elliottii;Pinus echinata;Pinus virginiana
110,110,110,5.0,Ponderosa pine (  Pinus ponderosa  ),4407.10.01.48,
111,111,111,6.0,Rough,4407.10.01.48,
112,112,112,6.0,Other,4407.10.01.49,
113,113,113,5.0,Other pine,4407.10.01.52,
114,114,114,6.0,Rough,4407.10.01.52,
115,115,115,6.0,Other,4407.10.01.53,
116,116,116,5.0,Douglas-fir (  Pseudotsuga menziesii  ),4407.10.01.54,
117,117,117,6.0,Rough,4407.10.01.54,
118,118,118,7.0,Having a minimum dimension less than 5.1 cm,4407.10.01.54,
119,119,119,7.0,Having a minimum dimension 5.1 cm or more but less than 12.7 cm,4407.10.01.55,
120,120,120,7.0,Having a minimum dimension 12.7 cm or more,4407.10.01.56,
121,121,121,6.0,Other,4407.10.01.57,
122,122,122,5.0,Fir ( Abies spp.),4407.10.01.58,Abies spp.
123,123,123,6.0,Rough,4407.10.01.58,Abies spp.
124,124,124,6.0,Other,4407.10.01.59,Abies spp.
125,125,125,5.0,Hemlock ( Tsuga spp.),4407.10.01.64,Tsuga spp.
126,126,126,6.0,Rough,4407.10.01.64,Tsuga spp.
127,127,127,6.0,Other,4407.10.01.65,Tsuga spp.
128,128,128,5.0,Larch ( Larix spp.),4407.10.01.66,Larix spp.
129,129,129,6.0,Rough,4407.10.01.66,Larix spp.
130,130,130,6.0,Other,4407.10.01.67,Larix spp.
131,131,131,5.0,Western red cedar,4407.10.01.68,
132,132,132,6.0,Rough,4407.10.01.68,
133,133,133,6.0,Other,4407.10.01.69,
134,134,134,5.0,Yellow cedar ( Chamaecyparis nootkanensis ),4407.10.01.74,Chamaecyparis nootkanensis
135,135,135,6.0,Rough,4407.10.01.74,Chamaecyparis nootkanensis
136,136,136,6.0,Other,4407.10.01.75,Chamaecyparis nootkanensis
137,137,137,5.0,Other cedar ( Thuja spp. &&  Juniperus spp. &&  Chamaecyparis spp. &&  Cupressus spp. && Libocedrus spp.),4407.10.01.76,Juniperus spp.;Chamaecyparis spp.;Thuja spp.;Cupressus spp.;Libocedrus spp.
138,138,138,6.0,Rough,4407.10.01.76,Juniperus spp.;Chamaecyparis spp.;Thuja spp.;Cupressus spp.;Libocedrus spp.
139,139,139,6.0,Other,4407.10.01.77,Juniperus spp.;Chamaecyparis spp.;Thuja spp.;Cupressus spp.;Libocedrus spp.
140,140,140,5.0,Redwood ( Sequoia sempervirens ),4407.10.01.82,Sequoia sempervirens
141,141,141,6.0,Rough,4407.10.01.82,Sequoia sempervirens
142,142,142,6.0,Other,4407.10.01.83,Sequoia sempervirens
143,143,143,5.0,Other,4407.10.01.92,
144,144,144,6.0,Rough,4407.10.01.92,
145,145,145,6.0,Other,4407.10.01.93,
146,146,146,1.0,Of tropical wood specified in subheading note 1 to this chapter,4407.21.00,
147,147,147,2.0,Mahogany ( Swietenia spp.),4407.21.00,Swietenia spp.
148,148,148,2.0,Virola &&  Imbuia && Balsa,4407.22.00,
149,149,149,3.0,Balsa (  Ochroma lagopus  ),4407.22.00.6,
150,150,150,3.0,Other,4407.22.00.91,
151,151,151,2.0,Dark Red Meranti &&  Light Red Meranti && Meranti Bakau,4407.25.00,
152,152,152,2.0,White Lauan &&  White Meranti &&  White Seraya &&  Yellow Meranti && Alan,4407.26.00,
153,153,153,2.0,Sapelli,4407.27.00,
154,154,154,2.0,Iroko,4407.28.00,
155,155,155,2.0,Other,4407.29.01,
156,156,156,3.0,Acajou d'Afrique ( Khaya spp.) &&  also known as African mahogany,4407.29.01.6,Khaya spp.
157,157,157,3.0,Aningre ( Aningeria spp.) &&  also known as Aniegre or Anegre,4407.29.01.11,Aningeria spp.
158,158,158,3.0,Keruing ( Dipterocarpus spp.),4407.29.01.16,Dipterocarpus spp.
159,159,159,3.0,IpÃ(c) ( Tabebuia spp.),4407.29.01.21,Tabebuia spp.
160,160,160,3.0,Teak ( Tectona grandis ),4407.29.01.31,Tectona grandis
161,161,161,3.0,Andiroba ( Carapa guianensis && Cprocera)  &&  Padauk ( Pterocarpus spp.) a.k.a. Padouk,4407.29.01.40,Pterocarpus spp.
162,162,162,3.0,Cedro ( Cedrela spp.) &&  also known as Spanish Cedar,4407.29.01.60,Cedrela spp.
163,163,163,3.0,Other,4407.29.01.80,
164,164,164,1.0,Other,4407.91.00,
165,165,165,2.0,Of oak ( Quercus spp.),4407.91.00,Quercus spp.
166,166,166,3.0,Red oak,4407.91.00.22,Quercus spp.
167,167,167,3.0,Other,4407.91.00.63,Quercus spp.
168,168,168,2.0,Of beech ( Fagus spp.),4407.92.00,Fagus spp.
169,169,169,2.0,Of maple ( Acer spp.  ),4407.93.00,
170,170,170,3.0,Hard maple,4407.93.00.10,
171,171,171,3.0,Other,4407.93.00.20,
172,172,172,2.0,Of cherry ( Prunus spp.),4407.94.00,Prunus spp.
173,173,173,2.0,Of ash ( Fraxinus spp.),4407.95.00,Fraxinus spp.
174,174,174,2.0,Other,4407.99.01,
175,175,175,3.0,Birch ( Betula spp.),4407.99.01.11,Betula spp.
176,176,176,4.0,North American ( Betula alleghaniensis &&  Betula papyrifera &&  Betula lenta &&  Betula nigra ),4407.99.01.11,Betula spp.
177,177,177,4.0,European ( Betula pendula &&  Betula pubescens ) &&  also known as Baltic &&  Russian or Chinese birch,4407.99.01.13,Betula spp.
178,178,178,4.0,Other,4407.99.01.19,Betula spp.
179,179,179,3.0,Hickory ( Carya spp.) && pecan ( Carya illinoensis  &&  Carya pecan ),4407.99.01.42,Carya pecan;Carya illinoensis;Carya spp.
180,180,180,3.0,Walnut ( Juglans spp.),4407.99.01.61,Juglans spp.
181,181,181,3.0,Western red alder ( Alnus rubra ),4407.99.01.63,Alnus rubra
182,182,182,3.0,Yellow poplar ( Liriodendron tulipifera ),4407.99.01.72,Liriodendron tulipifera
183,183,183,3.0,Other poplar; aspen; cottonwood,4407.99.01.79,
184,184,184,3.0,Jatoba ( Hymenaea spp.) &&  also known as Brazilian Cherry,4407.99.01.85,Hymenaea spp.
185,185,185,3.0,Other nonconiferous,4407.99.01.93,
186,186,186,0.0,Sheets for veneering (including those obtained by slicing laminated wood) &&  for plywood or for similar laminated wood && other wood &&  sawn lengthwise &&  sliced or peeled &&  whether or not planed &&  sanded &&  spliced or end-jointed &&  of a thickness not exceeding 6 m,4408,
187,187,187,1.0,Coniferous,4408.10.01,
188,188,188,2.0,Douglas fir,4408.10.01.25,
189,189,189,2.0,Other,4408.10.01.45,
190,190,190,1.0,Of tropical wood specified in subheading note 1 to this chapter,4408.31.01,
191,191,191,2.0,Dark Red Meranti &&  Light Red Meranti && Meranti Bakau,4408.31.01,
192,192,192,2.0,Other,4408.39.01,
193,193,193,3.0,Spliced or end-jointed,4408.39.01.10,
194,194,194,3.0,Other,4408.39.01.90,
195,195,195,1.0,Other,4408.90.01,
196,196,196,2.0,Spliced or end-jointed,4408.90.01.5,
197,197,197,3.0,Ash ( Fraxinus spp.),4408.90.01.5,Fraxinus spp.
198,198,198,3.0,Birch ( Betula spp.),4408.90.01.10,Betula spp.
199,199,199,3.0,Cherry ( Prunus spp.),4408.90.01.15,Prunus spp.
200,200,200,3.0,Maple ( Acer spp.),4408.90.01.21,Acer spp.
201,201,201,3.0,Oak ( Quercus spp.),4408.90.01.31,Quercus spp.
202,202,202,4.0,Red,4408.90.01.31,Quercus spp.
203,203,203,4.0,Other,4408.90.01.37,Quercus spp.
204,204,204,3.0,Walnut ( Juglans spp.),4408.90.01.45,Juglans spp.
205,205,205,3.0,Other,4408.90.01.51,
206,206,206,2.0,Other,4408.90.01.56,
207,207,207,3.0,Ash ( Fraxinus spp.),4408.90.01.56,Fraxinus spp.
208,208,208,3.0,Birch ( Betula spp.),4408.90.01.61,Betula spp.
209,209,209,3.0,Cherry ( Prunus spp.),4408.90.01.66,Prunus spp.
210,210,210,3.0,Maple ( Acer spp.),4408.90.01.71,Acer spp.
211,211,211,3.0,Oak ( Quercus spp.),4408.90.01.76,Quercus spp.
212,212,212,4.0,Red,4408.90.01.76,Quercus spp.
213,213,213,4.0,Other,4408.90.01.81,Quercus spp.
214,214,214,3.0,Walnut ( Juglans spp.),4408.90.01.87,Juglans spp.
215,215,215,3.0,Other,4408.90.01.95,
216,216,216,0.0,Wood (including strips && friezes for parquet flooring &&  not assembled) continuously shaped (tongued &&  grooved &&  re- bated &&  chamfered &&  V-jointed &&  beaded &&  molded &&  rounded or the like) along any of its edges &&  ends or faces &&  whether or not planed &&  sanded or en,4409,
217,217,217,1.0,Coniferous,4409.10,
218,218,218,2.0,Wood continuously shaped along any of its ends &&  whether or not also continuously shaped along any of its edges or faces &&  all the foregoing whether or not planed &&  sanded or end-jointed,4409.10.05,
219,219,219,2.0,Other,4409.10.10,
220,220,220,3.0,Wood siding,4409.10.10,
221,221,221,4.0,Resawn bevel siding,4409.10.10.20,
222,222,222,5.0,Western red cedar,4409.10.10.20,
223,223,223,5.0,Other,4409.10.10.40,
224,224,224,4.0,Other,4409.10.10.60,
225,225,225,5.0,Western red cedar,4409.10.10.60,
226,226,226,5.0,Other,4409.10.10.80,
227,227,227,3.0,Wood flooring,4409.10.20,
228,228,228,3.0,Wood moldings,4409.10.40,
229,229,229,4.0,Standard wood molding,4409.10.40,
230,230,230,5.0,Pine ( Pinus spp.),4409.10.40,Pinus spp.
231,231,231,6.0,End-jointed,4409.10.40.10,Pinus spp.
232,232,232,6.0,Other,4409.10.40.90,Pinus spp.
233,233,233,5.0,Other,4409.10.45,
234,234,234,4.0,Other,4409.10.50,
235,235,235,3.0,Wood dowel rods,4409.10.60,
236,236,236,4.0,Plain,4409.10.60,
237,237,237,4.0,Sanded &&  grooved &&  or otherwise advanced in condition,4409.10.65,
238,238,238,3.0,Other,4409.10.90,
239,239,239,4.0,Western red cedar,4409.10.90.20,
240,240,240,4.0,Other,4409.10.90.40,
241,241,241,1.0,Nonconiferous,4409.21,
242,242,242,2.0,Of bamboo,4409.21,
243,243,243,3.0,Wood continuously shaped along any of its ends &&  whether or not also continuously shaped along any of its edges or faces &&  all the foregoing whether or not planed &&  sanded or end-jointed,4409.21.05,
244,244,244,3.0,Other,4409.21.90,
245,245,245,2.0,Other,4409.29,
246,246,246,3.0,Wood continuously shaped along any of its ends &&  whether or not also continuously shaped along any of its edges or faces &&  all the foregoing whether or no planed &&  sanded or end-jointed,4409.29.05,
247,247,247,4.0,Wood Flooring (end-matched),4409.29.05.15,
248,248,248,5.0,Jatoba ( Hymenaea spp.) &&  also known as Brazilian Cherry,4409.29.05.15,Hymenaea spp.
249,249,249,5.0,Ipe ( Tabebuia spp.) &&  also known as Tahibo &&  LaPacho &&  Brazilian walnut &&  && Patagonian walnut,4409.29.05.25,Tabebuia spp.
250,250,250,5.0,Santos' mahogany ( Myroxylon balsamum ) &&  also known as Cabreuva,4409.29.05.35,Myroxylon balsamum
251,251,251,5.0,Cumaru (  Dipteryx spp.  ) &&  also known as Brazilian teak,4409.29.05.45,
252,252,252,5.0,Other,4409.29.05.55,
253,253,253,4.0,Other,4409.29.05.65,
254,254,254,3.0,Other,4409.29.10,
255,255,255,4.0,Wood siding,4409.29.10,
256,256,256,4.0,Wood flooring,4409.29.25,
257,257,257,5.0,Maple ( Acer spp.),4409.29.25.30,Acer spp.
258,258,258,5.0,Birch ( Betula spp.) && beech ( Fagus spp.),4409.29.25.50,Fagus spp.;Betula spp.
259,259,259,5.0,Other,4409.29.25.60,
260,260,260,4.0,Wood moldings,4409.29.40,
261,261,261,5.0,Standard wood moldings,4409.29.40,
262,262,262,5.0,Other,4409.29.50,
263,263,263,4.0,Wood dowel rods,4409.29.60,
264,264,264,5.0,Plain,4409.29.60,
265,265,265,5.0,Sanded &&  grooved or otherwise advanced in condition,4409.29.65,
266,266,266,4.0,Other,4409.29.90,
267,267,267,0.0,Particle board &&  oriented strand board (OSB) && similar board (for example &&  waferboard) of wood or other ligneous materials &&  whether or not agglomerated with resins or other organic binding substances,4410,
268,268,268,1.0,Of wood,4410.11.00,
269,269,269,2.0,Particle board,4410.11.00,
270,270,270,3.0,Unworked or not further worked than sanded,4410.11.00.10,
271,271,271,3.0,Surface-covered with melamine-impregnated paper,4410.11.00.20,
272,272,272,3.0,Surface-covered with decorative laminates of plastic,4410.11.00.30,
273,273,273,3.0,Other,4410.11.00.60,
274,274,274,2.0,Oriented strand board (OSB),4410.12.00,
275,275,275,3.0,Unworked or not further worked than sanded,4410.12.00.10,
276,276,276,3.0,Other,4410.12.00.20,
277,277,277,2.0,Other,4410.19.00,
278,278,278,3.0,Unworked or not further worked than sanded,4410.19.00.10,
279,279,279,3.0,Surface-covered with melamine-impregnated paper,4410.19.00.20,
280,280,280,3.0,Surface-covered with decorative laminates of plastic,4410.19.00.30,
281,281,281,3.0,Other,4410.19.00.60,
282,282,282,1.0,Other,4410.90.00,
283,283,283,0.0,Fiberboard of wood or other ligneous materials &&  whether or not bonded with resins or other organic substances,4411,
284,284,284,1.0,Medium density fiberboard (MDF),4411.12,
285,285,285,2.0,Of a thickness not exceeding 5 mm,4411.12,
286,286,286,3.0,Not mechanically worked or surface covered,4411.12.10,
287,287,287,3.0,Other,4411.12.20,
288,288,288,4.0,Tongued &&  grooved or rabbetted continuously along any of its edges && dedicated for use in the construction of walls &&  ceilings or other parts of buildings,4411.12.20,
289,289,289,5.0,Laminated boards bonded in whole or in part &&  or impregnated &&  with synthetic resins,4411.12.20,
290,290,290,5.0,Other,4411.12.30,
291,291,291,4.0,Other,4411.12.60,
292,292,292,5.0,Not surface covered (except for oil treatment),4411.12.60,
293,293,293,5.0,Other,4411.12.90,
294,294,294,6.0,Standard wood molding,4411.12.90.10,
295,295,295,6.0,Other,4411.12.90.90,
296,296,296,2.0,Of a thickness exceeding 5 mm but not exceeding 9 mm,4411.13,
297,297,297,3.0,Not mechanically worked or surface covered,4411.13.10,
298,298,298,3.0,Other,4411.13.20,
299,299,299,4.0,Tongued &&  grooved or rabbetted continuously along any of its edges && dedicated for use in the construction of walls &&  ceilings or other parts of buildings,4411.13.20,
300,300,300,5.0,Laminated boards bonded in whole or in part &&  or impregnated &&  with synthetic resins,4411.13.20,
301,301,301,5.0,Other,4411.13.30,
302,302,302,4.0,Other,4411.13.60,
303,303,303,5.0,Not surface covered (except for oil treatment),4411.13.60,
304,304,304,5.0,Other,4411.13.90,
305,305,305,6.0,Standard wood molding,4411.13.90.10,
306,306,306,6.0,Other,4411.13.90.90,
307,307,307,2.0,Of a thickness exceeding 9 mm,4411.14,
308,308,308,3.0,Not mechanically worked or surface covered,4411.14.10,
309,309,309,3.0,Other,4411.14.20,
310,310,310,4.0,Tongued &&  grooved or rabbetted continuously along any of its edges && dedicated for use in the construction of walls &&  ceilings or other parts of buildings,4411.14.20,
311,311,311,5.0,Laminated boards bonded in whole or in part &&  or impregnated &&  with synthetic resins,4411.14.20,
312,312,312,5.0,Other,4411.14.30,
313,313,313,4.0,Other,4411.14.60,
314,314,314,5.0,Not surface covered (except for oil treatment),4411.14.60,
315,315,315,5.0,Other,4411.14.90,
316,316,316,6.0,Standard wood molding,4411.14.90.10,
317,317,317,6.0,Other,4411.14.90.90,
318,318,318,1.0,Other,4411.92,
319,319,319,2.0,Of a density exceeding 0.8 g/cm 3 ,4411.92,
320,320,320,3.0,Not mechanically worked or surface covered,4411.92.10,
321,321,321,3.0,Other,4411.92.20,
322,322,322,4.0,Not surface covered (except for oil treatment),4411.92.20,
323,323,323,4.0,Other,4411.92.30,
324,324,324,5.0,Tileboard which has been continuously worked along any of its edges && is dedicated for use in the construction of walls &&  ceilings or other parts of buildings,4411.92.30,
325,325,325,5.0,Other,4411.92.40,
326,326,326,2.0,Of a density exceeding 0.5 g/cm 3 but not exceeding 0.8 g/cm 3 ,4411.93,
327,327,327,3.0,Not mechanically worked or surface covered,4411.93.10,
328,328,328,3.0,Other,4411.93.20,
329,329,329,4.0,Tongued &&  grooved or rabbetted continuously along any of its edges && dedicated for use in the construction of walls &&  ceilings or other parts of buildings,4411.93.20,
330,330,330,5.0,Laminated boards bonded in whole or in part &&  or impregnated &&  with synthetic resins,4411.93.20,
331,331,331,5.0,Other,4411.93.30,
332,332,332,4.0,Other,4411.93.60,
333,333,333,5.0,Not surface covered (except for oil treatment),4411.93.60,
334,334,334,5.0,Other,4411.93.90,
335,335,335,6.0,Standard wood molding,4411.93.90.10,
336,336,336,6.0,Other,4411.93.90.90,
337,337,337,2.0,Of a density not exceeding 0.5 g/m 3,4411.94.00,
338,338,338,3.0,Of a density exceeding 0.35 g/m 3 but not exceeding 0.5 g/m 3 ,4411.94.00.10,
339,339,339,4.0,Not mechanically worked or surface covered,4411.94.00.10,
340,340,340,5.0,Impregnated with bitumen,4411.94.00.10,
341,341,341,5.0,Other,4411.94.00.20,
342,342,342,4.0,Other,4411.94.00.30,
343,343,343,5.0,Impregnated with bitumen,4411.94.00.30,
344,344,344,5.0,Other,4411.94.00.40,
345,345,345,3.0,Other,4411.94.00.50,
346,346,346,4.0,Not mechanically worked or surface covered,4411.94.00.50,
347,347,347,5.0,Impregnated with bitumen,4411.94.00.50,
348,348,348,5.0,Other,4411.94.00.60,
349,349,349,4.0,Other,4411.94.00.70,
350,350,350,5.0,Impregnated with bitumen,4411.94.00.70,
351,351,351,5.0,Other,4411.94.00.80,
352,352,352,0.0,Plywood &&  veneered panels && similar laminated wood,4412,
353,353,353,1.0,Of bamboo,4412.10,
354,354,354,2.0,Plywood,4412.10.05,
355,355,355,2.0,Other,4412.10.90,
356,356,356,1.0,Other plywood consisting solely of sheets of wood (other than bamboo) &&  each ply not exceeding 6 mm in thickness,4412.31,
357,357,357,2.0,With at least one outer ply of tropical wood specified in subheading note 1 to this chapter,4412.31,
358,358,358,3.0,Not surface covered &&  or surface covered with a clear or transparent material which does not obscure the grain &&  texture or markings of the face ply,4412.31.05,
359,359,359,4.0,With a face ply of birch ( Betula spp.),4412.31.05,Betula spp.
360,360,360,5.0,Panels not exceeding in any dimension 3.6 mm in thickness &&  1.2 m in width && 2.2 m in length,4412.31.05.20,Betula spp.
361,361,361,5.0,Other,4412.31.05.40,Betula spp.
362,362,362,6.0,Not surface covered,4412.31.05.40,Betula spp.
363,363,363,6.0,Other,4412.31.05.60,Betula spp.
364,364,364,4.0,With a face ply of Spanish cedar ( Cedrela spp.) or walnut ( Juglans spp.),4412.31.25,Cedrela spp.;Juglans spp.
365,365,365,5.0,With a face ply of Spanish cedar ( Cedrela spp.),4412.31.25.10,Cedrela spp.;Juglans spp.
366,366,366,5.0,With a face ply of walnut ( Juglans spp.),4412.31.25.20,Cedrela spp.;Juglans spp.
367,367,367,4.0,Other,4412.31.40,
368,368,368,5.0,With at least one outer ply of the following tropical woods: Dark Red Meranti &&  Light Red Meranti &&  White Lauan &&  Sipo &&  Limba &&  OkoumÃ(c) &&  Obeche &&  Acajou d'Afrique &&  Sapelli &&  Virola &&  Mahogany &&  Palissandre de Para &&  Palissandre de Rio or Palissandre de Rose,4412.31.40,
369,369,369,6.0,With a face ply of mahogany ( Swietenia spp. or Khaya spp.),4412.31.40.40,Khaya spp.;Swietenia spp.
370,370,370,6.0,Other,4412.31.40.50,
371,371,371,7.0,Panels not exceeding in any dimension 3.6 mm in thickness &&  1.2 m in width && 2.2 m in length,4412.31.40.50,
372,372,372,7.0,Other,4412.31.40.60,
373,373,373,8.0,Not surface covered,4412.31.40.60,
374,374,374,8.0,Other,4412.31.40.75,
375,375,375,9.0,Wood flooring,4412.31.40.75,
376,376,376,9.0,Other,4412.31.40.80,
377,377,377,5.0,Other,4412.31.51,
378,378,378,6.0,Wood flooring,4412.31.51.25,
379,379,379,6.0,Other,4412.31.51.35,
380,380,380,7.0,With a face ply of sen ( Kalopanax spp.),4412.31.51.35,Kalopanax spp.
381,381,381,7.0,Other,4412.31.51.55,
382,382,382,8.0,Panels not exceeding in any dimension 3.6 mm in thickness &&  1.2 m in width && 2.2 m in length,4412.31.51.55,
383,383,383,8.0,Other,4412.31.51.65,
384,384,384,9.0,Not surface covered,4412.31.51.65,
385,385,385,9.0,Other,4412.31.51.75,
386,386,386,3.0,Other,4412.31.60,
387,387,387,4.0,With at least one outer ply of the following tropicalwoods: Dark Red Meranti &&  Light Red Meranti &&  White Lauan &&  Sipo &&  Limba &&  OkoumÃ(c) &&  Obeche &&  Acajou d'Afrique &&  Sapelli &&  Virola &&  Mahogany &&  Palissandre de Para &&  Palissandre de Rio or Palissandre de Rose,4412.31.60,
388,388,388,4.0,Other,4412.31.91,
389,389,389,2.0,Other &&  with at least one outer ply of nonconiferous wood,4412.32,
390,390,390,3.0,Not surface covered &&  or surface covered with a clear or transparent material which does not obscure the grain &&  texture or markings of the face ply,4412.32.05,
391,391,391,4.0,With a face ply of birch ( Betula spp.),4412.32.05,Betula spp.
392,392,392,5.0,Panels not exceeding in any dimension 3.6 mm in thickness &&  1.2 m in width && 2.2 m in length,4412.32.05.20,Betula spp.
393,393,393,5.0,Other,4412.32.05.40,Betula spp.
394,394,394,6.0,Not surface covered,4412.32.05.40,Betula spp.
395,395,395,6.0,Other,4412.32.05.65,Betula spp.
396,396,396,7.0,Wood flooring,4412.32.05.65,Betula spp.
397,397,397,7.0,Other,4412.32.05.70,Betula spp.
398,398,398,4.0,With a face ply of Spanish cedar ( Cedrela spp.) or walnut ( Juglans spp.),4412.32.25,Cedrela spp.;Juglans spp.
399,399,399,5.0,With a face ply of Spanish cedar ( Cedrela spp.),4412.32.25.10,Cedrela spp.;Juglans spp.
400,400,400,5.0,With a face ply of walnut ( Juglans spp.),4412.32.25.25,Cedrela spp.;Juglans spp.
401,401,401,6.0,Wood flooring,4412.32.25.25,Cedrela spp.;Juglans spp.
402,402,402,6.0,Other,4412.32.25.30,Cedrela spp.;Juglans spp.
403,403,403,4.0,Other,4412.32.31,
404,404,404,5.0,Wood flooring,4412.32.31.25,
405,405,405,5.0,Other,4412.32.31.35,
406,406,406,6.0,With a face ply of sen ( Kalopanax spp.),4412.32.31.35,Kalopanax spp.
407,407,407,6.0,With a face ply of mahogany ( Swietenia spp. or Khaya spp.),4412.32.31.55,Khaya spp.;Swietenia spp.
408,408,408,6.0,Other,4412.32.31.65,
409,409,409,7.0,Panels not exceeding in any dimension 3.6 mm in thickness &&  1.2 m in width && 2.2 m in length,4412.32.31.65,
410,410,410,7.0,Other,4412.32.31.75,
411,411,411,8.0,Not surface covered,4412.32.31.75,
412,412,412,8.0,Other,4412.32.31.85,
413,413,413,3.0,Other,4412.32.56,
414,414,414,2.0,Other &&  with both outer plies of coniferous wood,4412.39,
415,415,415,3.0,Not surface covered &&  or surface covered with a clear or transparent material which does not obscure the grain &&  texture or markings of the face ply,4412.39.10,
416,416,416,4.0,With a face ply of Parana pine ( Araucaria angustifolia ),4412.39.10,Araucaria angustifolia
417,417,417,4.0,With a face ply of European red pine (  Pinus silvestris  ),4412.39.30,
418,418,418,4.0,Other,4412.39.40,
419,419,419,5.0,With at least one outer ply of Douglas fir ( Pseudotsuga menziesii ),4412.39.40.11,Pseudotsuga menziesii
420,420,420,6.0,Rough &&  or touch sanded for sizing purposes &&  but not further processed,4412.39.40.11,Pseudotsuga menziesii
421,421,421,6.0,Fully sanded on at least one face &&  but not further processed,4412.39.40.12,Pseudotsuga menziesii
422,422,422,6.0,Other,4412.39.40.19,Pseudotsuga menziesii
423,423,423,5.0,With at least one outer ply of long leaf pine (  Pinus palustris  ) &&  short leaf pine ( Pinusechinata ) &&  southern yellow pine (loblolly pine)( Pinus taeda ) &&  slash pine ( Pinus elliotti ) &&  pitch pine (  Pinus rigida  ) or Virginia pi,4412.39.40.31,Pinus taeda;Pinus elliotti
424,424,424,6.0,Rough &&  or touch sanded for sizing purposes &&  but not further processed,4412.39.40.31,Pinus taeda;Pinus elliotti
425,425,425,6.0,Fully sanded on at least one face &&  but not further processed,4412.39.40.32,Pinus taeda;Pinus elliotti
426,426,426,6.0,Other,4412.39.40.39,Pinus taeda;Pinus elliotti
427,427,427,5.0,With at least one outer ply of Agathis spp.,4412.39.40.51,Agathis spp.
428,428,428,6.0,Rough &&  or touch sanded for sizing purposes &&  but not further processed,4412.39.40.51,Agathis spp.
429,429,429,6.0,Fully sanded on at least one face &&  but not further processed,4412.39.40.52,Agathis spp.
430,430,430,6.0,Other,4412.39.40.59,Agathis spp.
431,431,431,5.0,Other,4412.39.40.61,
432,432,432,6.0,Rough &&  or touch sanded for sizing purposes &&  but not further processed,4412.39.40.61,
433,433,433,6.0,Fully sanded on at least one face &&  but not further processed,4412.39.40.62,
434,434,434,6.0,Other,4412.39.40.69,
435,435,435,3.0,Other,4412.39.50,
436,436,436,4.0,With at least one outer ply of Douglas fir ( Pseudotsuga menziesii ),4412.39.50.10,Pseudotsuga menziesii
437,437,437,4.0,With at least one outer ply of long leaf pine (  Pinus palustris  ) &&  short leaf pine (  Pinus echinata  ) &&  southern yellow pine (loblolly pine) ( Pinus taeda ) &&  slash pine ( Pinus elliotti ) &&  pitch pine ( Pinus rigida ) or Virginia,4412.39.50.30,Pinus taeda;Pinus rigida;Pinus elliotti
438,438,438,4.0,Other,4412.39.50.50,
439,439,439,1.0,Other,4412.94,
440,440,440,2.0,Blockboard &&  laminboard && battenboard,4412.94,
441,441,441,3.0,With at least one outer ply of nonconiferous wood,4412.94.10,
442,442,442,4.0,Plywood,4412.94.10,
443,443,443,5.0,Not surface covered &&  or surface covered with a clear or transparent material which does not obscure the grain &&  texture or markings of the face ply,4412.94.10,
444,444,444,6.0,With a face ply of birch ( Betula spp.),4412.94.10,Betula spp.
445,445,445,7.0,Not surface covered,4412.94.10.30,Betula spp.
446,446,446,7.0,Other,4412.94.10.50,Betula spp.
447,447,447,6.0,Other,4412.94.31,
448,448,448,7.0,Wood flooring,4412.94.31.5,
449,449,449,7.0,Other,4412.94.31.11,
450,450,450,8.0,With a face ply of Spanish cedar ( Cedrela spp.),4412.94.31.11,Cedrela spp.
451,451,451,8.0,With a face ply of walnut ( Juglans spp.),4412.94.31.21,Juglans spp.
452,452,452,8.0,With a face ply of sen (  Kalopanax spp.  ),4412.94.31.31,
453,453,453,8.0,With a face ply of mahogany ( Swietenia spp. or Khaya spp.),4412.94.31.41,Khaya spp.;Swietenia spp.
454,454,454,8.0,Other,4412.94.31.60,
455,455,455,9.0,Not surface covered,4412.94.31.60,
456,456,456,9.0,Other,4412.94.31.71,
457,457,457,5.0,Other,4412.94.41,
458,458,458,4.0,Other,4412.94.51,
459,459,459,3.0,Other,4412.94.60,
460,460,460,4.0,Plywood,4412.94.60,
461,461,461,5.0,Not surface covered &&  or surface covered with a clear or transparent material which does not obscure the grain &&  texture or markings of the face ply,4412.94.60,
462,462,462,6.0,With a face ply of Parana pine ( Araucaria angustifolia ),4412.94.60,Araucaria angustifolia
463,463,463,6.0,With a face ply of European red pine ( Pinus silvestris ),4412.94.70,Pinus silvestris
464,464,464,6.0,Other,4412.94.80,
465,465,465,5.0,Other,4412.94.90,
466,466,466,4.0,Other,4412.94.95,
467,467,467,2.0,Other,4412.99,
468,468,468,3.0,With at least one outer ply of nonconiferous wood,4412.99.06,
469,469,469,4.0,Containing at least one layer of particle board,4412.99.06,
470,470,470,4.0,Other,4412.99.10,
471,471,471,5.0,Plywood,4412.99.10,
472,472,472,6.0,Not surface covered &&  or surface covered with a clear or transparent material which does not obscure the grain &&  texture or markings of the face ply,4412.99.10,
473,473,473,7.0,With a face ply of birch ( Betula spp.),4412.99.10,Betula spp.
474,474,474,8.0,Panels not exceeding in any dimension 3.6 mm in thickness &&  1.2 m in width && 2.2 m in length,4412.99.10.20,Betula spp.
475,475,475,8.0,Other,4412.99.10.30,Betula spp.
476,476,476,9.0,Not surface covered,4412.99.10.30,Betula spp.
477,477,477,9.0,Other,4412.99.10.40,Betula spp.
478,478,478,7.0,Other,4412.99.31,
479,479,479,8.0,With a face ply of Spanish cedar ( Cedrela spp.),4412.99.31.10,Cedrela spp.
480,480,480,8.0,With a face ply of walnut ( Juglans spp.),4412.99.31.20,Juglans spp.
481,481,481,8.0,With a face ply of sen ( Kalopanax spp.),4412.99.31.30,Kalopanax spp.
482,482,482,8.0,With a face ply of mahogany ( Swietenia spp. or Khaya spp.),4412.99.31.40,Khaya spp.;Swietenia spp.
483,483,483,8.0,Other,4412.99.31.50,
484,484,484,9.0,Panels not exceeding in any dimension 3.6 mm in thickness &&  1.2 m in width &&  && 2.2 m in length,4412.99.31.50,
485,485,485,9.0,Other &&  not surface covered,4412.99.31.60,
486,486,486,9.0,Other,4412.99.31.70,
487,487,487,6.0,Other,4412.99.41,
488,488,488,5.0,Other,4412.99.51,
489,489,489,6.0,Wood flooring,4412.99.51.5,
490,490,490,6.0,Other,4412.99.51.15,
491,491,491,3.0,Other,4412.99.51.15,
492,492,492,4.0,Containing at least one layer of particle board,4412.99.57,
493,493,493,4.0,Other,4412.99.60,
494,494,494,5.0,Plywood,4412.99.60,
495,495,495,6.0,Not surface covered &&  or surface covered with a clear or transparent material which does not obscure the grain &&  texture or markings of the face ply,4412.99.60,
496,496,496,7.0,With a face ply of Parana pine ( Araucaria angustifolia ),4412.99.60,Araucaria angustifolia
497,497,497,7.0,With a face ply of European red pine ( Pinus silvestris ),4412.99.70,Pinus silvestris
498,498,498,7.0,Other,4412.99.80,
499,499,499,6.0,Other,4412.99.90,
500,500,500,5.0,Other,4412.99.95,
501,501,501,0.0,Densified wood &&  in blocks &&  plates &&  strips or profile shapes,4413.00.00,
502,502,502,0.0,Wooden frames for paintings &&  photographs &&  mirrors or similar objects,4414.00.00,
503,503,503,0.0,Packing cases &&  boxes &&  crates &&  drums && similar packings &&  of wood; cable-drums &&  of wood; pallets &&  box-pallets && other load boards &&  of wood; pallet collars of wood,4415,
504,504,504,1.0,Cases &&  boxes &&  crates &&  drums && similar packings; cable-drums,4415.10,
505,505,505,2.0,Packing boxes && cases with solid sides &&  lids && bottoms,4415.10.30,
506,506,506,2.0,Containers designed for use in the harvesting of fruits && vegetables,4415.10.60,
507,507,507,2.0,Other,4415.10.90,
508,508,508,1.0,Pallets &&  box-pallets && other load boards; pallet collars,4415.20,
509,509,509,2.0,Containers designed for use in the harvesting of fruits && vegetables,4415.20.40,
510,510,510,2.0,Other,4415.20.80,
511,511,511,0.0,Casks &&  barrels &&  vats &&  tubs && other coopers' products && parts thereof &&  of wood &&  including staves,4416.00,
512,512,512,1.0,Casks &&  barrels && hogsheads,4416.00.30,
513,513,513,2.0,New,4416.00.30.10,
514,514,514,2.0,Used,4416.00.30.20,
515,515,515,3.0,Assembled (set up),4416.00.30.20,
516,516,516,3.0,Unassembled (knocked down),4416.00.30.30,
517,517,517,1.0,Staves && hoops; tight barrel heads of softwood,4416.00.60,
518,518,518,2.0,New,4416.00.60.10,
519,519,519,3.0,Staves,4416.00.60.10,
520,520,520,3.0,Hoops,4416.00.60.20,
521,521,521,3.0,Tight barrel heads,4416.00.60.30,
522,522,522,2.0,Used,4416.00.60.40,
523,523,523,3.0,Staves,4416.00.60.40,
524,524,524,3.0,Other,4416.00.60.50,
525,525,525,1.0,Other,4416.00.90,
526,526,526,2.0,New,4416.00.90.20,
527,527,527,2.0,Used,4416.00.90.40,
528,528,528,0.0,Tools &&  tool bodies &&  tool handles &&  broom or brush bodies && handles &&  of wood; boot or shoe lasts && trees &&  of wood,4417.00,
529,529,529,1.0,Broom && mop handles &&  1.9 cm or more in diameter && 97 cm or more in length,4417.00.20,
530,530,530,1.0,Paint brush && paint roller handles,4417.00.40,
531,531,531,1.0,Brush backs,4417.00.60,
532,532,532,1.0,Other,4417.00.80,
533,533,533,2.0,Tool handles,4417.00.80.10,
534,534,534,2.0,Other,4417.00.80.90,
535,535,535,0.0,Builders' joinery && carpentry of wood &&  including cellular wood panels && assembled flooring panels; shingles && shakes,4418,
536,536,536,1.0,Windows &&  French-windows && their frames,4418.10.00,
537,537,537,1.0,Doors && their frames && thresholds,4418.20,
538,538,538,2.0,French doors,4418.20.40,
539,539,539,2.0,Other,4418.20.80,
540,540,540,3.0,Flush doors,4418.20.80.30,
541,541,541,3.0,Other,4418.20.80.60,
542,542,542,1.0,Form work (shuttering) for concrete constructional work,4418.40.00,
543,543,543,1.0,Shingles && shakes,4418.50.00,
544,544,544,2.0,Shingles,4418.50.00.10,
545,545,545,3.0,Of western red cedar,4418.50.00.10,
546,546,546,3.0,Other,4418.50.00.30,
547,547,547,2.0,Other,4418.50.00.50,
548,548,548,1.0,Posts && beams,4418.60.00,
549,549,549,1.0,Assembled flooring panels,4418.71,
550,550,550,2.0,For mosaic floors,4418.71,
551,551,551,3.0,Solid,4418.71.10,
552,552,552,3.0,Other,4418.71.20,
553,553,553,4.0,Having a face ply more than 6 mm in thickness,4418.71.20,
554,554,554,4.0,Other,4418.71.90,
555,555,555,2.0,Other &&  multilayer,4418.72,
556,556,556,3.0,Having a face ply more than 6 mm in thickness,4418.72.20,
557,557,557,3.0,Other,4418.72.91,
558,558,558,4.0,Of unidirectional bamboo,4418.72.91,
559,559,559,4.0,Other,4418.72.95,
560,560,560,2.0,Other,4418.79.00,
561,561,561,1.0,Other,4418.90,
562,562,562,2.0,Drilled or notched lumber studs,4418.90.25,
563,563,563,2.0,Other,4418.90.46,
564,564,564,3.0,Wood flooring,4418.90.46.5,
565,565,565,3.0,Other,4418.90.46.10,
566,566,566,4.0,Arches &&  laminated,4418.90.46.10,
567,567,567,4.0,Roof trusses,4418.90.46.20,
568,568,568,4.0,Other fabricated structural wood members,4418.90.46.40,
569,569,569,4.0,Prefabricated partitions && panels for buildings,4418.90.46.50,
570,570,570,4.0,Other,4418.90.46.95,
571,571,571,0.0,Tableware && kitchenware &&  of wood,4419.00,
572,572,572,1.0,Forks && spoons,4419.00.40,
573,573,573,1.0,Other,4419.00.80,
574,574,574,0.0,Wood marquetry && inlaid wood; caskets && cases for jewelry or cutlery && similar articles &&  of wood; statuettes && other ornaments &&  of wood; wooden articles of furniture not falling within chapter 94,4420,
575,575,575,1.0,Statuettes && other ornaments &&  of wood,4420.10.00,
576,576,576,1.0,Other,4420.90,
577,577,577,2.0,Jewelry boxes &&  silverware chests &&  cigar && cigarette boxes &&  microscope cases &&  tool or utensil cases && similar boxes &&  cases && chests &&  all the foregoing of wood,4420.90.20,
578,578,578,3.0,Cigar && cigarette boxes,4420.90.20,
579,579,579,3.0,Other,4420.90.45,
580,580,580,4.0,Not lined with textile fabrics,4420.90.45,
581,581,581,4.0,Lined with textile fabrics,4420.90.65,
582,582,582,2.0,Other,4420.90.80,
583,583,583,0.0,Other articles of wood,4421,
584,584,584,1.0,Clothes hangers,4421.10.00,
585,585,585,1.0,Other,4421.90,
586,586,586,2.0,Wood dowel pins,4421.90.10,
587,587,587,3.0,Plain,4421.90.10,
588,588,588,4.0,Coniferous,4421.90.10,
589,589,589,4.0,Other,4421.90.15,
590,590,590,3.0,Sanded &&  grooved or otherwise advanced in condition,4421.90.20,
591,591,591,2.0,Wood blinds &&  shutters &&  screens && shades &&  all the foregoing with or without their hardware,4421.90.30,
592,592,592,3.0,Consisting of wooden frames in the center of which are fixed louver boards or slats &&  with or without their hardware,4421.90.30,
593,593,593,3.0,Other,4421.90.40,
594,594,594,2.0,Toothpicks &&  skewers &&  candy sticks &&  ice cream sticks &&  tongue depressors &&  drink mixers && similar small wares,4421.90.50,
595,595,595,3.0,Toothpicks,4421.90.50,
596,596,596,3.0,Other,4421.90.60,
597,597,597,2.0,Pickets &&  palings &&  posts && rails &&  the foregoing which are sawn; assembled fence sections,4421.90.70,
598,598,598,3.0,Assembled fence sections,4421.90.70.20,
599,599,599,3.0,Other,4421.90.70.40,
600,600,600,2.0,Clothes pins,4421.90.80,
601,601,601,3.0,Spring-type,4421.90.80,
602,602,602,4.0,Valued not over 80Â¢/gross,4421.90.80.24,
603,603,603,4.0,Valued over 80Â¢ but not over $1.35/gross,4421.90.80.27,
604,604,604,4.0,Valued over $1.35 but not over $1.70/gross,4421.90.80.30,
605,605,605,4.0,Valued over $1.70/gross,4421.90.80.33,
606,606,606,3.0,Other,4421.90.85,
607,607,607,2.0,Canoe paddles,4421.90.88,
608,608,608,2.0,Other,4421.90.93,
609,609,609,3.0,Theatrical &&  ballet &&  && operatic scenery && properties &&  including sets,4421.90.93,
610,610,610,3.0,Edge-glued lumber,4421.90.94,
611,611,611,3.0,Other,4421.90.97,
612,612,612,4.0,Pencil slats,4421.90.97.20,
613,613,613,4.0,Burial caskets,4421.90.97.30,
614,614,614,4.0,Gates for confining children or pets,4421.90.97.70,
615,615,615,4.0,Other,4421.90.97.80,
616,616,616,0.0,Pianos &&  including playerpianos; harpsichords && other keyboard stringed instruments,9201,
617,617,617,1.0,Upright pianos,9201.10.00,
618,618,618,2.0,Used,9201.10.00.5,
619,619,619,2.0,Other,9201.10.00.11,
620,620,620,3.0,Containing a case measuring less than 111.76 cm in height,9201.10.00.11,
621,621,621,3.0,Containing a casemeasuring 111.76 cm or more but less than 121.92 cm in height,9201.10.00.21,
622,622,622,3.0,Containing a case measuring 121.92 cm or more butless than 129.54 cm in height,9201.10.00.31,
623,623,623,3.0,Containing a case measuring 129.54 cm or more in height,9201.10.00.41,
624,624,624,1.0,Grand pianos,9201.20.00,
625,625,625,2.0,Used,9201.20.00.5,
626,626,626,2.0,Other,9201.20.00.11,
627,627,627,3.0,Containing a case measuring less than 152.40 cm inlength,9201.20.00.11,
628,628,628,3.0,Containing a casemeasuring 152.40 cm or more but less than 167.64 cm in length,9201.20.00.21,
629,629,629,3.0,Containing a case measuring 167.64 cm or more butless than 180.34 cm in length,9201.20.00.31,
630,630,630,3.0,Containing a case measuring 180.34 cm or more but less than 195.58 cm in length,9201.20.00.41,
631,631,631,3.0,Containing a casemeasuring 195.58 cm or more in length,9201.20.00.51,
632,632,632,1.0,Other,9201.90.00,
633,633,633,0.0,Other string musical instruments (for example &&  guitars &&  violins &&  harps),9202,
634,634,634,1.0,Played with a bow,9202.10.00,
635,635,635,1.0,Other,9202.90,
636,636,636,2.0,Guitars,9202.90.20,
637,637,637,3.0,Valued not over $100each &&  excluding the value of the case,9202.90.20,
638,638,638,3.0,Other,9202.90.40,
639,639,639,2.0,Other,9202.90.60,
640,640,640,0.0,Wind musical instruments (for example &&  keyboard pipe organs &&  accordions &&  clarinets &&  trumpets &&  bagpipes) &&  other than fairground organs && mechanical street organs,9205,
641,641,641,1.0,Brass-wind instruments,9205.10.00,
642,642,642,2.0,Valued not over $10 each,9205.10.00.40,
643,643,643,2.0,Valued over $10 each,9205.10.00.80,
644,644,644,1.0,Other,9205.90,
645,645,645,2.0,Keyboard pipe organs;harmoniums && similar keyboard instruments with free metal reeds,9205.90.12,
646,646,646,3.0,Keyboard pipe organs,9205.90.12,
647,647,647,3.0,Other,9205.90.14,
648,648,648,2.0,Accordionsand similar instruments; mouth organs,9205.90.15,
649,649,649,3.0,Accordions && similar instruments,9205.90.15,
650,650,650,4.0,Piano accordions,9205.90.15,
651,651,651,4.0,Other,9205.90.18,
652,652,652,2.0,Mouth organs,9205.90.19,
653,653,653,2.0,Woodwind instruments,9205.90.20,
654,654,654,3.0,Bagpipes,9205.90.20,
655,655,655,3.0,Other,9205.90.40,
656,656,656,4.0,Clarinets,9205.90.40.20,
657,657,657,4.0,Saxophones,9205.90.40.40,
658,658,658,4.0,Flutes && piccolos (except bamboo),9205.90.40.60,
659,659,659,4.0,Other,9205.90.40.80,
660,660,660,2.0,Other,9205.90.60,
661,661,661,0.0,Percussion musical instruments (for example &&  drums &&  xylophones && cymbals &&  castanets &&  maracas),9206.00,
662,662,662,1.0,Drums,9206.00.20,
663,663,663,1.0,Cymbals,9206.00.40,
664,664,664,1.0,Sets of tuned bells known as chimes &&  peals or carillons,9206.00.60,
665,665,665,1.0,Other,9206.00.80,
666,666,666,0.0,Musical instruments &&  the sound of which is produced &&  or must be amplified && electrically (for example &&  organs &&  guitars &&  accordions),9207,
667,667,667,1.0,Keyboard instruments &&  otherthan accordions,9207.10.00,
668,668,668,2.0,Music synthesizers,9207.10.00.5,
669,669,669,3.0,Valued under $100 each,9207.10.00.5,
670,670,670,3.0,Valued $100 or over each,9207.10.00.10,
671,671,671,2.0,Other,9207.10.00.45,
672,672,672,3.0,With more than onekeyboard,9207.10.00.45,
673,673,673,4.0,Valued under $200 each,9207.10.00.45,
674,674,674,4.0,Valued $200 or over each,9207.10.00.55,
675,675,675,3.0,With onekeyboard,9207.10.00.60,
676,676,676,4.0,Hand-held,9207.10.00.60,
677,677,677,4.0,Other,9207.10.00.65,
678,678,678,5.0,Valued under $100 each,9207.10.00.65,
679,679,679,5.0,Valued $100 or over each,9207.10.00.75,
680,680,680,1.0,Other,9207.90.00,
681,681,681,2.0,Fretted stringed instruments,9207.90.00.40,
682,682,682,2.0,Other,9207.90.00.80,
683,683,683,0.0,Musicboxes &&  fairground organs &&  mechanical street organs &&  mechanical singing birds &&  musical saws andother musical instruments not falling within any other heading of this chapter; decoy calls of allkinds; whistles &&  call horns && other mouth-blown sound signaling instruments,9208,
684,684,684,1.0,Music boxes,9208.10.00,
685,685,685,1.0,Other,9208.90.00,
686,686,686,2.0,Musical instruments,9208.90.00.40,
687,687,687,2.0,Other,9208.90.00.80,
688,688,688,0.0,Parts (for example &&  mechanisms for music boxes) && accessories (for example &&  cards &&  discs androlls for mechanical instruments) of musical instruments; metronomes &&  tuning forks && pitchpipes of all kinds,9209,
689,689,689,1.0,Musical instrumentstrings,9209.30.00,
690,690,690,1.0,Other,9209.91,
691,691,691,2.0,Partsand accessories for pianos,9209.91,
692,692,692,3.0,Tuning pins,9209.91.40,
693,693,693,3.0,Other,9209.91.80,
694,694,694,2.0,Parts && accessories for the musical instruments of heading 9202,9209.92,
695,695,695,3.0,Mutes &&  collapsible musical instrument standsand music holders for attachment to musical instruments,9209.92.20,
696,696,696,3.0,Tuning pins,9209.92.40,
697,697,697,3.0,Bows &&  parts of bows &&  bow hair &&  chin rests && other parts && accessories forstring instruments played with a bow,9209.92.60,
698,698,698,3.0,Other,9209.92.80,
699,699,699,2.0,Parts && accessories for the musical instruments of heading 9207,9209.94,
700,700,700,3.0,Collapsible musical instrument stands,9209.94.40,
701,701,701,3.0,Other,9209.94.80,
702,702,702,2.0,Other,9209.99,
703,703,703,3.0,Metronomes &&  tuning forks && pitch pipes,9209.99.05,
704,704,704,3.0,Mutes formusical instruments; pedals &&  dampers && spurs for drums; pedals && holders for cymbals; lyres && other music holders forattachment to musical instruments; && collapsible stands for holdingmusic or for holding musical instruments,9209.99.10,
705,705,705,3.0,Other,9209.99.16,
706,706,706,4.0,For pipe organs of subheading 9205.90.12,9209.99.16,
707,707,707,4.0,For instrutments of subheading 9205.90.14,9209.99.18,
708,708,708,4.0,For bagpipes,9209.99.20,
709,709,709,4.0,For other woodwind && brass wind musical instruments,9209.99.40,
710,710,710,5.0,For woodwind musical instruments,9209.99.40.40,
711,711,711,5.0,Other,9209.99.40.80,
712,712,712,4.0,For music boxes,9209.99.61,
713,713,713,4.0,Other,9209.99.80,
714,714,714,0.0,Military weapons &&  other thanrevolvers &&  pistols && the arms of heading 9307,9301,
715,715,715,1.0,Artillery weapons (for example &&  guns &&  howitzers && mortars),9301.10.00,
716,716,716,2.0,Self propelled,9301.10.00.10,
717,717,717,2.0,Other,9301.10.00.80,
718,718,718,1.0,Rocket launchers; flame-throwers; grenade launchers;torpedo tubes && similar projectors,9301.20.00,
719,719,719,1.0,Other,9301.90,
720,720,720,2.0,Rifles,9301.90.30,
721,721,721,3.0,Telescopic sights imported with rifles,9301.90.30.10,
722,722,722,3.0,Rifles,9301.90.30.20,
723,723,723,2.0,Shotguns,9301.90.60,
724,724,724,2.0,Other,9301.90.90,
725,725,725,3.0,Machine guns,9301.90.90.30,
726,726,726,3.0,Other,9301.90.90.90,
727,727,727,0.0,Revolvers && pistols &&  otherthan those of heading 9303 or 9304,9302.00.00,
728,728,728,1.0,Revolvers,9302.00.00.20,
729,729,729,1.0,Semiautomatic pistols,9302.00.00.40,
730,730,730,1.0,Other,9302.00.00.90,
731,731,731,0.0,Other firearms && similardevices which operate by the firing of an explosive charge (for example &&  sporting shot-guns andrifles &&  muzzle-loading firearms &&  Very pistols && other devices designed to project only signalflares &&  pistols && revolvers for firing blank ammunition &&  captive-bolt humane killers &&  line-throwing guns),9303,
732,732,732,1.0,Muzzle-loading firearms,9303.10.00,
733,733,733,1.0,Other sporting &&  hunting or target-shooting shotguns &&  including combination shotgun-rifles,9303.20.00,
734,734,734,2.0,Shotguns,9303.20.00.20,
735,735,735,3.0,Autoloading,9303.20.00.20,
736,736,736,3.0,Pump action,9303.20.00.30,
737,737,737,3.0,Over && under,9303.20.00.40,
738,738,738,3.0,Other,9303.20.00.65,
739,739,739,2.0,Combination shotgun-rifles,9303.20.00.80,
740,740,740,1.0,Other sporting &&  hunting ortarget-shooting rifles,9303.30,
741,741,741,2.0,Valued over $25 but not over $50 each,9303.30.40,
742,742,742,3.0,Telescopic sights imported with rifles,9303.30.40.10,
743,743,743,3.0,Rifles,9303.30.40.20,
744,744,744,4.0,Centerfire,9303.30.40.20,
745,745,745,4.0,Rimfire,9303.30.40.30,
746,746,746,2.0,Other,9303.30.80,
747,747,747,3.0,Telescopic sights imported with rifles,9303.30.80.5,
748,748,748,3.0,Rifles,9303.30.80.10,
749,749,749,4.0,Centerfire,9303.30.80.10,
750,750,750,5.0,Autoloading,9303.30.80.10,
751,751,751,5.0,Bolt action,9303.30.80.12,
752,752,752,6.0,Single shot,9303.30.80.12,
753,753,753,6.0,Other,9303.30.80.17,
754,754,754,5.0,Other,9303.30.80.25,
755,755,755,4.0,Rimfire,9303.30.80.30,
756,756,756,1.0,Other,9303.90,
757,757,757,2.0,Pistols && revolvers designed to fire onlyblank cartridges or blank ammunition,9303.90.40,
758,758,758,2.0,Other,9303.90.80,
759,759,759,0.0,Other arms (for example &&  spring &&  air or gas guns andpistols &&  truncheons) &&  excluding those of heading 9307,9304.00,
760,760,760,1.0,Pistols &&  rifles && other guns which eject missiles byrelease of compressed air or gas &&  or by the release of a spring mechanism or rubber held undertension,9304.00.20,
761,761,761,2.0,Rifles,9304.00.20,
762,762,762,2.0,Other,9304.00.40,
763,763,763,1.0,Other,9304.00.60,
764,764,764,0.0,Parts && accessories of articles of headings 9301 to 9304,9305,
765,765,765,1.0,Of revolvers or pistols,9305.10,
766,766,766,2.0,Of heading 9302,9305.10.20,
767,767,767,3.0,Frames && receivers,9305.10.20.10,
768,768,768,3.0,Other,9305.10.20.80,
769,769,769,2.0,Other,9305.10.40,
770,770,770,3.0,Of revolvers or pistols designed to fire onlyblank cartridges or blank ammunition,9305.10.40,
771,771,771,3.0,Of muzzle-loading revolvers && pistols,9305.10.60,
772,772,772,3.0,Other,9305.10.80,
773,773,773,1.0,Of shotguns or rifles of heading 9303,9305.20,
774,774,774,2.0,Rifle stocks,9305.20.05,
775,775,775,2.0,Other,9305.20.80,
776,776,776,3.0,Shotgun barrels,9305.20.80.4,
777,777,777,4.0,Of muzzle-loading shotguns,9305.20.80.4,
778,778,778,4.0,Other,9305.20.80.8,
779,779,779,3.0,Other parts of muzzle-loading shotguns or rifles,9305.20.80.20,
780,780,780,3.0,Other,9305.20.80.31,
781,781,781,4.0,Of shotguns &&  including shotgun-rifle combinations,9305.20.80.31,
782,782,782,5.0,Stocks,9305.20.80.31,
783,783,783,5.0,Other,9305.20.80.33,
784,784,784,4.0,Of rifles,9305.20.80.60,
785,785,785,1.0,Other,9305.91,
786,786,786,2.0,Of military weapons of heading 9301,9305.91,
787,787,787,3.0,Of rifles,9305.91.10,
788,788,788,3.0,Of shotguns,9305.91.20,
789,789,789,3.0,Other,9305.91.30,
790,790,790,4.0,Of artillery weapons of 9301.11 or 9301.19,9305.91.30.10,
791,791,791,4.0,Other,9305.91.30.30,
792,792,792,2.0,Other,9305.99,
793,793,793,3.0,Of articles of heading9303 other than shotguns or rifles,9305.99.40,
794,794,794,3.0,Of articles of subheading 9304.00.20 or 9304.00.40,9305.99.50,
795,795,795,4.0,Parts && accessories of paintball markers,9305.91.30.10,
796,796,796,4.0,Other,9305.91.30.50,
797,797,797,3.0,Other,9305.99.60,
798,798,798,0.0,Bombs &&  grenades &&  torpedoes && mines &&  missiles && similar munitions of war && parts thereof; cartridges && other ammunitionand projectiles && parts thereof &&  including shot && cartridge wads,9306,
799,799,799,1.0,Shotgun cartridges && partsthereof; air gun pellets,9306.21.00,
800,800,800,2.0,Cartridges,9306.21.00,
801,801,801,2.0,Other,9306.29.00,
802,802,802,1.0,Other cartridges && parts thereof,9306.30,
803,803,803,2.0,Cartridges && empty cartridge shells,9306.30.41,
804,804,804,3.0,Cartridges containing a projectile,9306.30.41.10,
805,805,805,4.0,For rifles or pistols,9306.30.41.10,
806,806,806,5.0,.22 caliber,9306.30.41.10,
807,807,807,5.0,Other,9306.30.41.20,
808,808,808,4.0,Other,9306.30.41.30,
809,809,809,3.0,Cartridges for rivetingor similar tools or for captive-bolt humane killers && parts thereof,9306.30.41.38,
810,810,810,3.0,Emptycartridge shells,9306.30.41.40,
811,811,811,4.0,For rifles or pistols,9306.30.41.40,
812,812,812,4.0,Other,9306.30.41.50,
813,813,813,3.0,Other,9306.30.41.60,
814,814,814,2.0,Other,9306.30.80,
815,815,815,1.0,Other,9306.90.00,
816,816,816,2.0,Guided missiles,9306.90.00.20,
817,817,817,2.0,Bombs &&  grenades && torpedoes &&  mines && similar munitions of war; other ammunition && projectiles,9306.90.00.40,
818,818,818,2.0,Parts for guided missiles,9306.90.00.60,
819,819,819,2.0,Parts for bombs &&  grenades &&  torpedoes &&  minesand similar munitions of war; parts of other ammunition && projectiles,9306.90.00.80,
820,820,820,0.0,Swords &&  cutlasses &&  bayonets &&  lances andsimilar arms && parts thereof && scabbards && sheaths therefor,9307.00.00,
821,821,821,0.0,Seats (other than those ofheading 9402) &&  whether or not convertible into beds &&  && parts thereof,9401,
822,822,822,1.0,Seats of a kind used for aircraft,9401.10,
823,823,823,2.0,Leather upholstered,9401.10.40,
824,824,824,2.0,Other,9401.10.80,
825,825,825,1.0,Seats of a kind used formotor vehicles,9401.20.00,
826,826,826,1.0,Swivel seats with variable height adjustment,9401.30,
827,827,827,2.0,With wooden frame,9401.30.40,
828,828,828,2.0,Other,9401.30.80,
829,829,829,3.0,Household,9401.30.80.10,
830,830,830,3.0,Other,9401.30.80.30,
831,831,831,1.0,Seats other than garden seats orcamping equipment &&  convertible into beds,9401.40.00,
832,832,832,1.0,Seats of cane && osier &&  bamboo or similar materials,9401.51.00,
833,833,833,2.0,Of bamboo or rattan,9401.51.00,
834,834,834,2.0,Other,9401.59.00,
835,835,835,1.0,Other seats &&  with wooden frames,9401.61,
836,836,836,2.0,Upholstered,9401.61,
837,837,837,3.0,Chairs,9401.61.20,
838,838,838,4.0,Of teak,9401.61.20,
839,839,839,5.0,Household,9401.61.20.10,
840,840,840,5.0,Other,9401.61.20.30,
841,841,841,4.0,Other,9401.61.40,
842,842,842,5.0,Chairs for children &&  including highchairs,9401.61.40.1,
843,843,843,5.0,Other household,9401.61.40.11,
844,844,844,5.0,Other,9401.61.40.31,
845,845,845,3.0,Other,9401.61.60,
846,846,846,4.0,Stationary activity center for children,9401.61.60.1,
847,847,847,4.0,Other seats for children,9401.61.60.5,
848,848,848,4.0,Other household,9401.61.60.11,
849,849,849,4.0,Other,9401.61.60.31,
850,850,850,2.0,Other,9401.69,
851,851,851,3.0,Bent-wood seats,9401.69.20,
852,852,852,4.0,Household,9401.69.20.10,
853,853,853,4.0,Other,9401.69.20.30,
854,854,854,3.0,Other,9401.69.40,
855,855,855,4.0,Chairs,9401.69.40,
856,856,856,5.0,Of teak,9401.69.40,
857,857,857,6.0,Household,9401.69.40.10,
858,858,858,6.0,Other,9401.69.40.30,
859,859,859,5.0,Other,9401.69.60,
860,860,860,6.0,Chairs for children &&  including highchairs,9401.69.60.1,
861,861,861,6.0,Other household,9401.69.60.11,
862,862,862,6.0,Other,9401.69.60.31,
863,863,863,4.0,Other,9401.69.80,
864,864,864,5.0,Stationary activity center for children,9401.69.80.1,
865,865,865,5.0,Other seats for children,9401.69.80.5,
866,866,866,5.0,Other household,9401.69.80.11,
867,867,867,5.0,Other,9401.69.80.31,
868,868,868,1.0,Other seats &&  with metal frames,9401.71.00,
869,869,869,2.0,Upholstered,9401.71.00,
870,870,870,3.0,Highchairs && booster seats,9401.71.00.1,
871,871,871,3.0,Infant walkers,9401.71.00.5,
872,872,872,3.0,Bouncers with seats,9401.71.00.6,
873,873,873,3.0,Swings for children,9401.71.00.7,
874,874,874,3.0,Stationary activity center for children,9401.71.00.8,
875,875,875,3.0,Other household,9401.71.00.11,
876,876,876,3.0,Other,9401.71.00.31,
877,877,877,2.0,Other,9401.79.00,
878,878,878,3.0,Highchairs && booster seats,9401.79.00.1,
879,879,879,3.0,Infant walkers,9401.79.00.2,
880,880,880,3.0,Bouncers with seats,9401.79.00.3,
881,881,881,3.0,Swings for children,9401.79.00.4,
882,882,882,3.0,Stationary activity center for children,9401.79.00.6,
883,883,883,4.0,Outdoor,9401.79.00.11,
884,884,884,5.0,With textile covered cushions or textile seating or backingmaterial,9401.79.00.11,
885,885,885,6.0,Household,9401.79.00.11,
886,886,886,6.0,Other,9401.79.00.15,
887,887,887,5.0,Other,9401.79.00.25,
888,888,888,6.0,Household,9401.79.00.25,
889,889,889,6.0,Other,9401.79.00.35,
890,890,890,4.0,Other,9401.79.00.46,
891,891,891,5.0,Household,9401.79.00.46,
892,892,892,5.0,Other,9401.79.00.50,
893,893,893,1.0,Other seats,9401.80,
894,894,894,2.0,Of rubber or plastics,9401.80.20,
895,895,895,3.0,Of reinforced or laminatedplastics,9401.80.20,
896,896,896,4.0,Children's highchairs && booster seats except for motor vehicle; bath seats &&  infant walkers &&  bouncers with seats &&  swings for children,9401.80.20.1,
897,897,897,4.0,Stationary activity center for children,9401.80.20.5,
898,898,898,4.0,Other household,9401.80.20.11,
899,899,899,4.0,Other,9401.80.20.31,
900,900,900,3.0,Other,9401.80.40,
901,901,901,4.0,Children's highchairs && booster seats except for motor vehicle; bath seats &&  infant walkers &&  bouncers with seats &&  swings for children,9401.80.40.1,
902,902,902,4.0,Stationary activity center for children,9401.80.40.4,
903,903,903,5.0,Outdoor,9401.80.40.6,
904,904,904,6.0,With textilecovered cushions or textile seating or backing material,9401.80.40.6,
905,905,905,7.0,Household,9401.80.40.6,
906,906,906,7.0,Other,9401.80.40.15,
907,907,907,6.0,Other,9401.80.40.26,
908,908,908,7.0,Household,9401.80.40.26,
909,909,909,7.0,Other,9401.80.40.35,
910,910,910,5.0,Other,9401.80.40.46,
911,911,911,2.0,Other,9401.80.60,
912,912,912,4.0,With detachable hard-shell seat,9401.80.60.21,
913,913,913,4.0,Other,9401.80.60.23,
914,914,914,3.0,Stationary activity center for children,9401.80.60.24,
915,915,915,3.0,Other seats for children,9401.80.60.25,
916,916,916,3.0,Other household,9401.80.60.28,
917,917,917,3.0,Other,9401.80.60.30,
918,918,918,1.0,Parts,9401.90,
919,919,919,2.0,Ofseats of a kind used for motor vehicles,9401.90.10,
920,920,920,3.0,Ofleather &&  cut to shape,9401.90.10.10,
921,921,921,3.0,Oftextile material &&  cut to shape,9401.90.10.20,
922,922,922,3.0,Other,9401.90.10.85,
923,923,923,2.0,Of bent-wood seats,9401.90.15,
924,924,924,2.0,Other,9401.90.25,
925,925,925,3.0,Of cane &&  osier &&  bamboo or similar materials,9401.90.25,
926,926,926,4.0,Of rattan,9401.90.25.40,
927,927,927,4.0,Other,9401.90.25.80,
928,928,928,3.0,Of rubber or plastics,9401.90.35,
929,929,929,4.0,For children's highchairs &&  booster seats except for motor vehicle && similar seats,9401.90.35.10,
930,930,930,4.0,Other,9401.90.35.80,
931,931,931,3.0,Of wood,9401.90.40,
932,932,932,4.0,For children's highchairs &&  booster seats &&  && similar seats,9401.90.40.10,
933,933,933,4.0,Other,9401.90.40.80,
934,934,934,3.0,Other,9401.90.50,
935,935,935,4.0,For children's highchairs &&  booster seats &&  && similar seats,9401.90.50.5,
936,936,936,4.0,Other textile material &&  cut to shape,9401.90.50.21,
937,937,937,4.0,Other,9401.90.50.81,
938,938,938,0.0,Medical &&  surgical &&  dental orveterinary furniture (for example &&  operating tables &&  examination tables &&  hospital beds withmechanical fittings &&  dentists' chairs); barbers' chairs && similar chairs &&  having rotating as well asboth reclining && elevating movements; parts of the foregoing articles,9402,
939,939,939,1.0,Dentists' &&  barbers' or similar chairs && parts thereof,9402.10.00,
940,940,940,1.0,Other,9402.90.00,
941,941,941,2.0,Hospital beds,9402.90.00.10,
942,942,942,2.0,Other,9402.90.00.20,
943,943,943,0.0,Other furniture && partsthereof,9403,
944,944,944,1.0,Metal furniture of a kind used in offices,9403.10.00,
945,945,945,2.0,Filing cabinets,9403.10.00.20,
946,946,946,2.0,Other,9403.10.00.40,
947,947,947,1.0,Other metal furniture,9403.20.00,
948,948,948,2.0,Household,9403.20.00.11,
949,949,949,3.0,Floor-standing &&  metal-top ironing boards,9403.20.00.11,
950,950,950,4.0,Cribs,9403.20.00.16,
951,951,951,4.0,Toddler beds &&  bassinets &&  cradles &&  play yards && other enclosures for confining children,9403.20.00.17,
952,952,952,4.0,Other,9403.20.00.18,
953,953,953,2.0,Other,9403.20.00.20,
954,954,954,3.0,Counters &&  lockers &&  racks &&  display cases &&  shelves && partitions && similar fixtures,9403.20.00.20,
955,955,955,3.0,Other,9403.20.00.30,
956,956,956,1.0,Wooden furniture of a kindused in offices,9403.30,
957,957,957,2.0,Bent-wood furniture,9403.30.40,
958,958,958,2.0,Other,9403.30.80,
959,959,959,1.0,Wooden furniture of a kind used in the kitchen,9403.40,
960,960,960,2.0,Bent-wood furniture,9403.40.40,
961,961,961,2.0,Other,9403.40.60,
962,962,962,3.0,Designed for motorvehicle use,9403.40.60,
963,963,963,3.0,Other,9403.40.90,
964,964,964,4.0,Dining tables,9403.40.90.40,
965,965,965,4.0,Cabinets designed for permanent installation,9403.40.90.60,
966,966,966,4.0,Other,9403.40.90.80,
967,967,967,1.0,Wooden furniture of a kind used in the bedroom,9403.50,
968,968,968,2.0,Bent-wood furniture,9403.50.40,
969,969,969,2.0,Other,9403.50.60,
970,970,970,3.0,Designed for motorvehicle use,9403.50.60,
971,971,971,3.0,Other,9403.50.90,
972,972,972,5.0,Cribs,9403.50.90.41,
973,973,973,5.0,Toddler beds &&  bassinets &&  && cradles,9403.50.90.42,
974,974,974,5.0,Other,9403.50.90.45,
975,975,975,4.0,Other,9403.50.90.80,
976,976,976,1.0,Otherwooden furniture,9403.60,
977,977,977,2.0,Bent-wood furniture,9403.60.40,
978,978,978,2.0,Other,9403.60.80,
979,979,979,3.0,Play yards && other enclosures for confining children,9403.60.80.10,
980,980,980,3.0,Dining tables,9403.60.80.40,
981,981,981,3.0,Other,9403.60.80.81,
982,982,982,1.0,Furniture of plastics,9403.70,
983,983,983,2.0,Of reinforced or laminated plastics,9403.70.40,
984,984,984,3.0,Cribs,9403.70.40.1,
985,985,985,3.0,Toddler beds &&  bassinets && cradles,9403.70.40.2,
986,986,986,3.0,Play yards && other enclosures for confining children,9403.70.40.3,
987,987,987,3.0,Other household,9403.70.40.15,
988,988,988,3.0,Office,9403.70.40.20,
989,989,989,3.0,Other,9403.70.40.31,
990,990,990,2.0,Other,9403.70.80,
991,991,991,3.0,Cribs,9403.70.80.1,
992,992,992,3.0,Toddler beds &&  bassinets && cradles,9403.70.80.2,
993,993,993,3.0,Play yards && other enclosures for confining children,9403.70.80.3,
994,994,994,3.0,Other household,9403.70.80.15,
995,995,995,3.0,Office,9403.70.80.20,
996,996,996,3.0,Other,9403.70.80.31,
997,997,997,1.0,Furniture of other materials && including cane &&  osier &&  bamboo or similar materials,9403.81.00,
998,998,998,2.0,Of bamboo or rattan,9403.81.00,
999,999,999,3.0,Cribs,9403.81.00.1,
1000,1000,1000,3.0,Toddler beds &&  bassinets &&  && cradles; play yards && other enclosures for confining children,9403.81.00.2,
1001,1001,1001,3.0,Other household,9403.81.00.15,
1002,1002,1002,3.0,Other,9403.81.00.30,
1003,1003,1003,2.0,Other,9403.89,
1004,1004,1004,3.0,Of cane &&  osier or similar materials,9403.89.30,
1005,1005,1005,4.0,Household,9403.89.30.10,
1006,1006,1006,4.0,Other,9403.89.30.20,
1007,1007,1007,3.0,Other,9403.89.60,
1008,1008,1008,4.0,Household,9403.89.60.10,
1009,1009,1009,4.0,Other,9403.89.60.20,
1010,1010,1010,1.0,Parts,9403.90,
1011,1011,1011,2.0,Of furniture of a kind used formotor vehicles,9403.90.10,
1012,1012,1012,3.0,Of metal,9403.90.10.40,
1013,1013,1013,3.0,Of textile material &&  cut to shape,9403.90.10.50,
1014,1014,1014,3.0,Other,9403.90.10.85,
1015,1015,1015,2.0,Other,9403.90.25,
1016,1016,1016,3.0,Of cane && osier &&  bamboo or similar materials,9403.90.25,
1017,1017,1017,4.0,Ofrattan,9403.90.25.40,
1018,1018,1018,4.0,Other,9403.90.25.80,
1019,1019,1019,3.0,Of rubber or plastics,9403.90.40,
1020,1020,1020,4.0,Of reinforced or laminatedplastics,9403.90.40,
1021,1021,1021,5.0,For toddler beds &&  cribs &&  bassinets && cradles,9403.90.40.5,
1022,1022,1022,5.0,For play yards && other enclosures for confining children,9403.90.40.10,
1023,1023,1023,5.0,Other,9403.90.40.60,
1024,1024,1024,4.0,Other,9403.90.50,
1025,1025,1025,5.0,For toddler beds &&  cribs &&  bassinets && cradles,9403.90.50.5,
1026,1026,1026,5.0,For play yards && other enclosures for confining children,9403.90.50.10,
1027,1027,1027,5.0,Other,9403.90.50.80,
1028,1028,1028,3.0,Of textile material && except cotton,9403.90.60,
1029,1029,1029,4.0,For toddler beds &&  cribs &&  bassinets && cradles,9403.90.60.5,
1030,1030,1030,4.0,For play yards && other enclosures for confining children,9403.90.60.10,
1031,1031,1031,4.0,Other,9403.90.60.80,
1032,1032,1032,3.0,Of wood,9403.90.70,
1033,1033,1033,4.0,For toddler beds &&  cribs &&  bassinets && cradles,9403.90.70.5,
1034,1034,1034,4.0,For play yards && other enclosures for confining children,9403.90.70.10,
1035,1035,1035,4.0,Other,9403.90.70.80,
1036,1036,1036,3.0,Other,9403.90.80,
1037,1037,1037,4.0,For toddler beds &&  cribs &&  bassinets && cradles,9403.90.80.10,
1038,1038,1038,4.0,For play yards && other enclosures for children,9403.90.80.15,
1039,1039,1039,6.0,Welded wire rack decking &&  whether or not galvanized &&  plated or coated,9403.90.80.20,
1040,1040,1040,6.0,Other,9403.90.80.41,
1041,1041,1041,5.0,Of cotton &&  cut to shape,9403.90.80.51,
1042,1042,1042,5.0,Other,9403.90.80.61,
1043,1043,1043,0.0,Mattress supports; articles of bedding && similar furnishing (for example && mattresses &&  quilts &&  eiderdowns &&  cushions &&  pouffes && pillows) fitted with springs or stuffed orinternally fitted with any material or of cellular rubber or plastics &&  whether or not covered,9404,
1044,1044,1044,1.0,Mattress supports,9404.10.00,
1045,1045,1045,1.0,Mattresses,9404.21.00,
1046,1046,1046,2.0,Of cellular rubber or plastics &&  whether or not covered,9404.21.00,
1047,1047,1047,3.0,For use in a crib or toddler bed,9404.21.00.10,
1048,1048,1048,3.0,Other,9404.21.00.90,
1049,1049,1049,2.0,Of other materials,9404.29,
1050,1050,1050,3.0,Of cotton,9404.29.10,
1051,1051,1051,4.0,For use in a crib or toddler bed,9404.29.10.5,
1052,1052,1052,4.0,Other,9404.29.10.90,
1053,1053,1053,3.0,Other,9404.29.90,
1054,1054,1054,5.0,For use in a crib or toddler bed,9404.29.90.5,
1055,1055,1055,5.0,Other,9404.29.90.11,
1056,1056,1056,5.0,For use in a crib or toddler bed,9404.29.90.85,
1057,1057,1057,5.0,Other,9404.29.90.91,
1058,1058,1058,1.0,Sleepingbags,9404.30,
1059,1059,1059,2.0,Containing 20 percent or more by weight offeathers and/or down,9404.30.40,
1060,1060,1060,2.0,Other,9404.30.80,
1061,1061,1061,1.0,Other,9404.90,
1062,1062,1062,2.0,Pillows &&  cushions && similarfurnishings,9404.90.10,
1063,1063,1063,3.0,Of cotton (369),9404.90.10,
1064,1064,1064,3.0,Other,9404.90.20,
1065,1065,1065,2.0,Other,9404.90.80,
1066,1066,1066,3.0,Of cotton &&  not containing anyembroidery &&  lace &&  braid &&  edging &&  trimming &&  piping exceeding 6.35 mm or applique work,9404.90.80,
1067,1067,1067,4.0,Quilts &&  eiderdowns &&  comforters && similar articles (362),9404.90.80.20,
1068,1068,1068,4.0,Other (369),9404.90.80.40,
1069,1069,1069,3.0,Other,9404.90.85,
1070,1070,1070,4.0,Quilts &&  eiderdowns &&  comforters && similar articles,9404.90.85,
1071,1071,1071,5.0,Withouter shell of cotton (362),9404.90.85.5,
1072,1072,1072,5.0,With outer shell of man-made fibers (666),9404.90.85.22,
1073,1073,1073,5.0,With outer shell of other textile materials,9404.90.85.23,
1074,1074,1074,6.0,Containing 85 percent or more by weight of silk or silk waste,9404.90.85.23,
1075,1075,1075,6.0,Other (899),9404.90.85.36,
1076,1076,1076,4.0,Other,9404.90.95,
1077,1077,1077,5.0,Withouter shell of cotton (369),9404.90.95.5,
1078,1078,1078,5.0,With outer shell of man-made fibers (666),9404.90.95.22,
1079,1079,1079,5.0,With outer shell of other textile materials,9404.90.95.23,
1080,1080,1080,6.0,Containing 85 percent or more by weight of silk or silk waste,9404.90.95.23,
1081,1081,1081,6.0,Other (899),9404.90.95.36,
1082,1082,1082,5.0,Other,9404.90.95.70,
1083,1083,1083,0.0,Lamps && lighting fittings including searchlights && spotlights andparts thereof &&  not elsewhere specified or included; illuminated signs &&  illuminated nameplates andthe like &&  having a permanently fixed light source &&  && parts thereof not elsewhere specified orincluded,9405,
1084,1084,1084,1.0,Chandeliers && other electric ceiling or wall lighting fittings &&  excludingthose of a kind used for lighting public open spaces or thoroughfares,9405.10,
1085,1085,1085,2.0,Of base metal,9405.10.40,
1086,1086,1086,3.0,Of brass,9405.10.40,
1087,1087,1087,4.0,Household,9405.10.40.10,
1088,1088,1088,4.0,Other,9405.10.40.20,
1089,1089,1089,3.0,Other,9405.10.60,
1090,1090,1090,4.0,Household,9405.10.60.10,
1091,1091,1091,4.0,Other,9405.10.60.20,
1092,1092,1092,2.0,Other,9405.10.80,
1093,1093,1093,3.0,Household,9405.10.80.10,
1094,1094,1094,3.0,Other,9405.10.80.20,
1095,1095,1095,1.0,Electric table &&  desk &&  bedsideor floor-standing lamps,9405.20,
1096,1096,1096,2.0,Of base metal,9405.20.40,
1097,1097,1097,3.0,Of brass,9405.20.40,
1098,1098,1098,4.0,Household,9405.20.40.10,
1099,1099,1099,4.0,Other,9405.20.40.20,
1100,1100,1100,3.0,Other,9405.20.60,
1101,1101,1101,4.0,Household,9405.20.60.10,
1102,1102,1102,4.0,Other,9405.20.60.20,
1103,1103,1103,2.0,Other,9405.20.80,
1104,1104,1104,3.0,Household,9405.20.80.10,
1105,1105,1105,3.0,Other,9405.20.80.20,
1106,1106,1106,1.0,Lighting sets of a kind used forChristmas trees,9405.30.00,
1107,1107,1107,2.0,Miniature series wired sets,9405.30.00.10,
1108,1108,1108,2.0,Other,9405.30.00.40,
1109,1109,1109,1.0,Otherelectric lamps && lighting fittings,9405.40,
1110,1110,1110,2.0,Of base metal,9405.40.40,
1111,1111,1111,3.0,Of brass,9405.40.40,
1112,1112,1112,3.0,Other,9405.40.60,
1113,1113,1113,2.0,Other,9405.40.80,
1114,1114,1114,1.0,Non-electrical lamps andlighting fittings,9405.50,
1115,1115,1115,2.0,Incandescent lamps designed to beoperated by propane or other gas &&  or by compressed air && kerosene or gasoline,9405.50.20,
1116,1116,1116,2.0,Other,9405.50.30,
1117,1117,1117,3.0,Of brass,9405.50.30,
1118,1118,1118,3.0,Other,9405.50.40,
1119,1119,1119,1.0,Illuminated signs &&  illuminated nameplates && the like,9405.60,
1120,1120,1120,2.0,Of base metal,9405.60.20,
1121,1121,1121,3.0,Of brass,9405.60.20,
1122,1122,1122,3.0,Other,9405.60.40,
1123,1123,1123,2.0,Other,9405.60.60,
1124,1124,1124,1.0,Parts,9405.91,
1125,1125,1125,2.0,Of glass,9405.91,
1126,1126,1126,3.0,Globes && shades,9405.91.10,
1127,1127,1127,4.0,Of lead crystal,9405.91.10,
1128,1128,1128,4.0,Other,9405.91.30,
1129,1129,1129,3.0,Chimneys,9405.91.40,
1130,1130,1130,3.0,Other,9405.91.60,
1131,1131,1131,4.0,Prisms && other glass articles of a kind used in chandeliers andwall brackets &&  && articles thereof,9405.91.60.40,
1132,1132,1132,4.0,Other,9405.91.60.80,
1133,1133,1133,2.0,Of plastics,9405.92.00,
1134,1134,1134,2.0,Other,9405.99,
1135,1135,1135,3.0,Of brass,9405.99.20,
1136,1136,1136,3.0,Other,9405.99.40,
1137,1137,1137,4.0,Lampposts && bases for lampposts &&  of cast iron,9405.99.40.10,
1138,1138,1138,4.0,Lampposts && bases for lampposts &&  of aluminum,9405.99.40.20,
1139,1139,1139,4.0,Other,9405.99.40.90,
1140,1140,1140,0.0,Prefabricated buildings,9406.00,
1141,1141,1141,1.0,Of wood,9406.00.40,
1142,1142,1142,1.0,Other,9406.00.80,
1143,1143,1143,2.0,Of metal,9406.00.80.10,
1144,1144,1144,3.0,Greenhouses,9406.00.80.10,
1145,1145,1145,4.0,Commercial,9406.00.80.10,
1146,1146,1146,4.0,Other,9406.00.80.20,
1147,1147,1147,3.0,Other,9406.00.80.30,
1148,1148,1148,2.0,Other,9406.00.80.50,
1149,1149,1149,3.0,Animal sheds of plastic,9406.00.80.50,
1150,1150,1150,3.0,Other,9406.00.80.90,
1151,1151,1151,0.0,"Tricycles &&  scooters &&  pedal carsand similar wheeled toys; dolls' carriages; dolls &&  other toys; reduced-scale (""scale"") models andsimilar recreational models &&  working or not; puzzles of all kinds; parts && accessories thereof",9503.00.00,
1152,1152,1152,1.0,âChildrenâs productsâ as defined in 15 U.S.C. Â§ 2052,,
1153,1153,1153,2.0,Inflatable toy balls &&  balloons && punchballs && of rubber,,
1154,1154,1154,3.0,Labeled or determined by importer as intended for use by persons,,
1155,1155,1155,4.0,Under 3 years of age,9503.00.00.11,
1156,1156,1156,4.0,3 to 12 years of age,9503.00.00.13,
1157,1157,1157,2.0,Other,,
1158,1158,1158,3.0,Labeled or determined by importer as intended for use by persons,,
1159,1159,1159,4.0,Under 3 years of age,9503.00.00.71,
1160,1160,1160,4.0,3 to 12 years of age,9503.00.00.73,
1161,1161,1161,1.0,Other,9503.00.00.90,
1162,1162,1162,0.0,Video game consoles && machines &&  articles for arcade &&  table or parlor games &&  including pinball machines &&  bagatelle &&  billiards && special tables for casino games; automatic bowling alley equipment; parts && accessories thereof,9504,
1163,1163,1163,1.0,Articles && accessories for billiards of all kinds,9504.20,
1164,1164,1164,2.0,Balls,9504.20.20,
1165,1165,1165,2.0,Chalk,9504.20.40,
1166,1166,1166,1.0,Video game consoles && machines &&  other than those of subheading 9504.30,9504.50.00,
1167,1167,1167,2.0,Tables,9504.20.60,
1168,1168,1168,2.0,Other &&  including parts && accessories,9504.20.80,
1169,1169,1169,1.0,Other games &&  operated by coins &&  banknotes &&  bank cards &&  tokens or by any other means of payment &&  other than automatic bowling alley equipment; parts && accessories thereof,9504.30.00,
1170,1170,1170,2.0,Video,9504.30.00.10,
1171,1171,1171,2.0,Other,9504.30.00.20,
1172,1172,1172,3.0,Games,9504.30.00.20,
1173,1173,1173,4.0,Pinball machines && bell-type machines && consoles,9504.30.00.20,
1174,1174,1174,4.0,Other,9504.30.00.40,
1175,1175,1175,3.0,Parts && accessories,9504.30.00.60,
1176,1176,1176,1.0,Playing cards,9504.40.00,
1177,1177,1177,1.0,Other,9504.90,
1178,1178,1178,2.0,Game machines &&  other than those operated by coins && banknotes (paper currency) &&  discs or similar articles; parts && accessories thereof,9504.90.40,
1179,1179,1179,2.0,Other,9504.90.60,
1180,1180,1180,3.0,Chess &&  checkers &&  parchisi &&  backgammon &&  darts && other games played on boardsof a special design &&  all the foregoing games && parts thereof (including their boards); mah-jongand dominoes; any of the foregoing games in combination with each other &&  or with other games && packaged together as a unit in immediate containers of a type used in retail sales; poker chips anddice,9504.90.60,
1181,1181,1181,3.0,Other,9504.90.90,
1182,1182,1182,4.0,Bowling balls,9504.90.90.40,
1183,1183,1183,4.0,Bowling equipment && parts && accessories thereof,9504.90.90.60,
1184,1184,1184,4.0,Other,9504.90.90.80,
1185,1185,1185,0.0,Festive &&  carnival or other entertainment articles &&  including magic tricks andpractical joke articles; parts && accessories thereof,9505,
1186,1186,1186,1.0,Articles for Christmasfestivities && parts && accessories thereof,9505.10,
1187,1187,1187,2.0,Christmas ornaments,9505.10.10,
1188,1188,1188,3.0,Of glass,9505.10.10,
1189,1189,1189,3.0,Other,9505.10.15,
1190,1190,1190,4.0,Of wood,9505.10.15,
1191,1191,1191,4.0,Other,9505.10.25,
1192,1192,1192,2.0,Nativity scenes && figures thereof,9505.10.30,
1193,1193,1193,2.0,Other,9505.10.40,
1194,1194,1194,3.0,Of plastics,9505.10.40,
1195,1195,1195,4.0,Artificial Christmas trees,9505.10.40.10,
1196,1196,1196,4.0,Other,9505.10.40.20,
1197,1197,1197,3.0,Other,9505.10.50,
1198,1198,1198,4.0,Artificial Christmas trees,9505.10.50.10,
1199,1199,1199,4.0,Other,9505.10.50.20,
1200,1200,1200,1.0,Other,9505.90,
1201,1201,1201,2.0,Magic tricks && practical joke articles; parts andaccessories thereof,9505.90.20,
1202,1202,1202,2.0,Confetti &&  paper spirals or streamers &&  party favors andnoisemakers; parts && accessories thereof,9505.90.40,
1203,1203,1203,2.0,Other,9505.90.60,
1204,1204,1204,0.0,Articles && equipment for general physical exercise && gymnastics &&  athletics &&  other sports (including table-tennis) or outdoor games &&  not specified orincluded elsewhere in this chapter; swimming pools && wading pools; parts && accessoriesthereof,9506,
1205,1205,1205,1.0,Snow-skis && other snow-ski equipment; parts && accessories thereof,9506.11,
1206,1206,1206,2.0,Skisand parts && accessories thereof &&  except ski poles,9506.11,
1207,1207,1207,3.0,Cross-country skis,9506.11.20,
1208,1208,1208,3.0,Other skis,9506.11.40,
1209,1209,1209,4.0,Snowboards,9506.11.40.10,
1210,1210,1210,4.0,Other,9506.11.40.80,
1211,1211,1211,3.0,Parts && accessories,9506.11.60,
1212,1212,1212,2.0,Ski bindings && parts && accessories thereof,9506.12,
1213,1213,1213,3.0,Cross-country,9506.12.40,
1214,1214,1214,3.0,Other,9506.12.80,
1215,1215,1215,2.0,Other,9506.19,
1216,1216,1216,3.0,Cross-country,9506.19.40,
1217,1217,1217,3.0,Other,9506.19.80,
1218,1218,1218,4.0,Ski poles && parts && accessoriesthereof,9506.19.80.40,
1219,1219,1219,4.0,Other,9506.19.80.80,
1220,1220,1220,1.0,Water skis &&  surf boards &&  sailboards && other water-sport equipment; parts && accessories thereof,9506.21,
1221,1221,1221,2.0,Sailboards && parts && accessories thereof,9506.21,
1222,1222,1222,3.0,Sailboards,9506.21.40,
1223,1223,1223,3.0,Parts && accessories,9506.21.80,
1224,1224,1224,2.0,Other,9506.29.00,
1225,1225,1225,3.0,Water skis,9506.29.00.20,
1226,1226,1226,3.0,Surf-boards,9506.29.00.30,
1227,1227,1227,3.0,Other,9506.29.00.80,
1228,1228,1228,1.0,Golf clubs && other golf equipment; parts && accessoriesthereof,9506.31.00,
1229,1229,1229,2.0,Golf clubs &&  complete,9506.31.00,
1230,1230,1230,2.0,Balls,9506.32.00,
1231,1231,1231,2.0,Other,9506.39.00,
1232,1232,1232,3.0,Parts of golf clubs,9506.39.00.60,
1233,1233,1233,3.0,Other,9506.39.00.80,
1234,1234,1234,1.0,Articles && equipment for table-tennis &&  && parts andaccessories thereof,9506.40.00,
1235,1235,1235,1.0,Tennis &&  badminton or similar rackets &&  whether or notstrung; parts && accessories thereof,9506.51,
1236,1236,1236,2.0,Lawn-tennis rackets && whether or not strung &&  && parts && accessories thereof,9506.51,
1237,1237,1237,3.0,Rackets &&  strung,9506.51.20,
1238,1238,1238,3.0,Rackets &&  not strung,9506.51.40,
1239,1239,1239,3.0,Parts && accessories,9506.51.60,
1240,1240,1240,2.0,Other,9506.59,
1241,1241,1241,3.0,Badminton rackets && parts && accessoriesthereof,9506.59.40,
1242,1242,1242,4.0,Rackets && racket frames,9506.59.40.40,
1243,1243,1243,4.0,Other parts && accessories,9506.59.40.80,
1244,1244,1244,3.0,Other,9506.59.80,
1245,1245,1245,4.0,Racquetball rackets,9506.59.80.20,
1246,1246,1246,4.0,Squash rackets,9506.59.80.40,
1247,1247,1247,4.0,Other &&  including parts && accessories,9506.59.80.60,
1248,1248,1248,1.0,Balls &&  other than golf balls andtable-tennis balls,9506.61.00,
1249,1249,1249,2.0,Lawn-tennis balls,9506.61.00,
1250,1250,1250,2.0,Inflatable balls,9506.62,
1251,1251,1251,3.0,Footballs && soccer balls,9506.62.40,
1252,1252,1252,4.0,Footballs,9506.62.40.40,
1253,1253,1253,4.0,Soccer balls,9506.62.40.80,
1254,1254,1254,3.0,Other,9506.62.80,
1255,1255,1255,4.0,Basketballs,9506.62.80.20,
1256,1256,1256,4.0,Volleyballs,9506.62.80.40,
1257,1257,1257,4.0,Other,9506.62.80.60,
1258,1258,1258,2.0,Other,9506.69,
1259,1259,1259,3.0,Baseballs && softballs,9506.69.20,
1260,1260,1260,4.0,Baseballs,9506.69.20.40,
1261,1261,1261,4.0,Softballs,9506.69.20.80,
1262,1262,1262,3.0,Noninflatable hollow balls not over 19 cm in diameter,9506.69.40,
1263,1263,1263,3.0,Other,9506.69.60,
1264,1264,1264,4.0,Polo balls,9506.69.60.10,
1265,1265,1265,4.0,Other,9506.69.60.20,
1266,1266,1266,1.0,Ice skates && roller skates &&  including skating boots with skatesattached; parts && accessories thereof,9506.70,
1267,1267,1267,2.0,Roller skates && parts andaccessories thereof,9506.70.20,
1268,1268,1268,3.0,Attached to boots,9506.70.20.10,
1269,1269,1269,3.0,Other,9506.70.20.90,
1270,1270,1270,2.0,Ice skates with footwear permanentlyattached,9506.70.40,
1271,1271,1271,2.0,Other &&  including parts && accessories for ice skateswith footwear permanently attached,9506.70.60,
1272,1272,1272,3.0,Iceskates,9506.70.60.40,
1273,1273,1273,3.0,Parts && accessories,9506.70.60.80,
1274,1274,1274,1.0,Other,9506.91.00,
1275,1275,1275,2.0,Articles && equipment for general physical exercise &&  gymnastics orathletics; parts && accessories thereof,9506.91.00,
1276,1276,1276,3.0,Exercise cycles,9506.91.00.10,
1277,1277,1277,3.0,Exercise rowing machines,9506.91.00.20,
1278,1278,1278,3.0,Other,9506.91.00.30,
1279,1279,1279,2.0,Other,9506.99,
1280,1280,1280,3.0,Archery articles && equipment && parts && accessories thereof,9506.99.05,
1281,1281,1281,4.0,Bows && bow parts,9506.99.05.10,
1282,1282,1282,4.0,Arrows && arrow parts,9506.99.05.20,
1283,1283,1283,4.0,Other,9506.99.05.30,
1284,1284,1284,3.0,Badminton articles andequipment &&  except rackets &&  && parts && accessories thereof,9506.99.08,
1285,1285,1285,4.0,Nets of cotton,9506.99.08,
1286,1286,1286,4.0,Other,9506.99.12,
1287,1287,1287,3.0,Baseball articles && equipment &&  except balls && && parts && accessories thereof,9506.99.15,
1288,1288,1288,3.0,Football &&  soccer && polo articles andequipment &&  except balls &&  && parts && accessories thereof,9506.99.20,
1289,1289,1289,3.0,Ice-hockey && field-hockey articles && equipment &&  exceptballs && skates &&  && parts && accessories thereof,9506.99.25,
1290,1290,1290,4.0,Ice-hockey sticks,9506.99.25.40,
1291,1291,1291,4.0,Other &&  including parts && accessories,9506.99.25.80,
1292,1292,1292,3.0,Lacrosse sticks,9506.99.28,
1293,1293,1293,3.0,Lawn-tennis articles andequipment &&  except balls && rackets &&  && parts && accessories thereof,9506.99.30,
1294,1294,1294,3.0,Skeet targets,9506.99.35,
1295,1295,1295,3.0,Sleds &&  bobsleds &&  toboggans && the like && parts && accessories thereof,9506.99.40,
1296,1296,1296,4.0,Toboggans; bobsleds && luges of a kindused in international competition,9506.99.40,
1297,1297,1297,4.0,Other &&  including parts && accessories,9506.99.45,
1298,1298,1298,3.0,Snowshoes && partsand accessories thereof,9506.99.50,
1299,1299,1299,3.0,Swimming pools && wading pools && parts && accessories thereof,9506.99.55,
1300,1300,1300,3.0,Other,9506.99.60,
1301,1301,1301,4.0,Nets not elsewhere specified orincluded,9506.99.60.40,
1302,1302,1302,4.0,Other,9506.99.60.80,
1303,1303,1303,0.0,"Fishing rods &&  fish hooks && other line fishing tackle; fish landing nets && butterfly nets && similar nets; decoy ""birds"" (other than those of heading 9208 or 9705) andsimilar hunting or shooting equipment; parts && accessories thereof",9507,
1304,1304,1304,1.0,Fishing rods && parts && accessories thereof,9507.10.00,
1305,1305,1305,2.0,Fishing rods,9507.10.00.40,
1306,1306,1306,2.0,Parts && accessories,9507.10.00.80,
1307,1307,1307,1.0,Fish hooks &&  whether or not snelled,9507.20,
1308,1308,1308,2.0,Snelled hooks,9507.20.40,
1309,1309,1309,2.0,Other,9507.20.80,
1310,1310,1310,1.0,Fishing reels && parts andaccessories thereof,9507.30,
1311,1311,1311,2.0,Fishing reels,9507.30.20,
1312,1312,1312,3.0,Valued not over $2.70each,9507.30.20,
1313,1313,1313,3.0,Valued over $2.70 but not over $8.45 each,9507.30.40,
1314,1314,1314,3.0,Valued over $8.45 each,9507.30.60,
1315,1315,1315,2.0,Parts && accessories,9507.30.80,
1316,1316,1316,1.0,Other,9507.90,
1317,1317,1317,2.0,Fishing line put up && packaged for retail sale,9507.90.20,
1318,1318,1318,2.0,Fishing casts or leaders,9507.90.40,
1319,1319,1319,2.0,Fish landing nets &&  butterfly nets && similarnets,9507.90.60,
1320,1320,1320,2.0,Other &&  including parts && accessories,9507.90.70,
1321,1321,1321,3.0,Artificial baits && flies,9507.90.70,
1322,1322,1322,3.0,Other &&  including parts && accessories,9507.90.80,
1323,1323,1323,0.0,Merry-go-rounds &&  boat-swings &&  shooting galleries andother fairground amusements; traveling circuses && traveling menageries; traveling theaters;parts && accessories thereof,9508,
1324,1324,1324,1.0,Traveling circuses && traveling menageries; parts && accessories,9508.10.00,
1325,1325,1325,1.0,Other,9508.90.00,
