Party,Class,Species/especies/esp√®ces,Quotas/Cupos,Unit,Listing,Specimens,Date/Fecha,Year
Austria,Actinopteri,Anguilla anguilla,0,,II,wild-taken,19/03/18,2018
Azerbaijan,Actinopteri,Acipenser gueldenstaedtii **,0,,II,Caviar [Caspian Sea],19/03/18,2018
Azerbaijan,Actinopteri,Acipenser gueldenstaedtii **,0,,II,Meat [Caspian Sea],19/03/18,2018
Azerbaijan,Actinopteri,Acipenser nudiventris **,0,,II,Caviar [Caspian Sea],19/03/18,2018
Azerbaijan,Actinopteri,Acipenser nudiventris **,0,,II,Meat [Caspian Sea],19/03/18,2018
Azerbaijan,Actinopteri,Acipenser persicus **,0,,II,Caviar [Caspian Sea],19/03/18,2018
Azerbaijan,Actinopteri,Acipenser persicus **,0,,II,Meat [Caspian Sea],19/03/18,2018
Azerbaijan,Actinopteri,Acipenser ruthenus **,0,,II,Caviar [Caspian Sea],19/03/18,2018
Azerbaijan,Actinopteri,Acipenser ruthenus **,0,,II,Meat [Caspian Sea],19/03/18,2018
Azerbaijan,Actinopteri,Acipenser stellatus **,0,,II,Meat [Caspian Sea],19/03/18,2018
Azerbaijan,Actinopteri,Acipenser stellatus **,0,,II,Caviar [Caspian Sea],19/03/18,2018
Azerbaijan,Actinopteri,Huso huso **,0,,II,Meat [Caspian Sea],19/03/18,2018
Azerbaijan,Actinopteri,Huso huso **,0,,II,Caviar [Caspian Sea],19/03/18,2018
Belgium,Actinopteri,Anguilla anguilla,0,,II,wild-taken,19/03/18,2018
Benin,Reptilia,Calabaria reinhardtii,100,,II,wild-taken,19/03/18,2018
Benin,Reptilia,Chamaeleo gracilis,0,,II,captive-bred,19/03/18,2018
Benin,Reptilia,Chamaeleo gracilis,0,,II,ranched,19/03/18,2018
Benin,Reptilia,Chamaeleo gracilis,0,,II,wild-taken,19/03/18,2018
Benin,Reptilia,Cyclanorbis senegalensis,200,,II,wild-taken,19/03/18,2018
Benin,Reptilia,Kinixys belliana,200,,II,wild-taken,19/03/18,2018
Benin,Reptilia,Kinixys erosa,100,,II,wild-taken,19/03/18,2018
Benin,Arachnida,Pandinus imperator,0,,II,wild-taken,19/03/18,2018
Benin,Arachnida,Pandinus imperator,0,,II,captive-bred,19/03/18,2018
Benin,Arachnida,Pandinus imperator +,0,,II,ranched,19/03/18,2018
Benin,Aves,Poicephalus senegalus,50,,II,wild-taken,19/03/18,2018
Benin,Reptilia,Python regius,"22,000",,II,ranched,19/03/18,2018
Benin,Reptilia,Python regius,500,,II,wild-taken,19/03/18,2018
Benin,Reptilia,Python sebae,50,,II,wild-taken,19/03/18,2018
Benin,Reptilia,Python sebae,50,,II,ranched,19/03/18,2018
Benin,Reptilia,Varanus exanthematicus,"1,000",,II,skins,19/03/18,2018
Benin,Reptilia,Varanus exanthematicus,500,,II,wild-taken,19/03/18,2018
Benin,Reptilia,Varanus exanthematicus,"5,000",,II,ranched,19/03/18,2018
Benin,Reptilia,Varanus niloticus,"4,000",,II,ranched,19/03/18,2018
Benin,Reptilia,Varanus niloticus,500,,II,wild-taken,19/03/18,2018
Benin,Reptilia,Varanus niloticus,500,,II,skins,19/03/18,2018
Benin,Reptilia,Varanus ornatus,500,,II,ranched,19/03/18,2018
Bulgaria,Actinopteri,Anguilla anguilla,0,,II,wild-taken,19/03/18,2018
Croatia,Actinopteri,Anguilla anguilla,0,,II,wild-taken,19/03/18,2018
Cyprus,Actinopteri,Anguilla anguilla,0,,II,wild-taken,19/03/18,2018
Czech Republic,Actinopteri,Anguilla anguilla,0,,II,wild-taken,19/03/18,2018
Democratic Republic of the Congo,Aves,Agapornis pullarius,"1,000",,II,live,14/03/18,2018
Democratic Republic of the Congo,Mammalia,Aonyx capensis,100,,I/II,live,14/03/18,2018
Democratic Republic of the Congo,Aves,Balaeniceps rex,50,,II,live,14/03/18,2018
Democratic Republic of the Congo,Actinopteri,Caecobarbus geertsii,70,,II,live,14/03/18,2018
Democratic Republic of the Congo,Mammalia,Cercocebus agilis,300,,II,live,14/03/18,2018
Democratic Republic of the Congo,Mammalia,Cercocebus chrysogaster,300,,II,live,14/03/18,2018
Democratic Republic of the Congo,Mammalia,Cercopithecus ascanius,300,,II,live,14/03/18,2018
Democratic Republic of the Congo,Mammalia,Cercopithecus cephus,100,,II,live,14/03/18,2018
Democratic Republic of the Congo,Mammalia,Cercopithecus denti,prep.,,II,live,14/03/18,2018
Democratic Republic of the Congo,Mammalia,Cercopithecus dryas,25,,II,live,14/03/18,2018
Democratic Republic of the Congo,Mammalia,Cercopithecus hamlyni,300,,II,live,14/03/18,2018
Democratic Republic of the Congo,Mammalia,Cercopithecus lhoesti,300,,II,live,14/03/18,2018
Democratic Republic of the Congo,Mammalia,Cercopithecus mitis,200,,II,live,14/03/18,2018
Democratic Republic of the Congo,Mammalia,Cercopithecus mona,300,,II,live,16/04/18,2018
Democratic Republic of the Congo,Mammalia,Cercopithecus neglectus,350,,II,live,14/03/18,2018
Democratic Republic of the Congo,Mammalia,Cercopithecus nictitans,350,,II,live,14/03/18,2018
Democratic Republic of the Congo,Mammalia,Cercopithecus pogonias,300,,II,live,14/03/18,2018
Democratic Republic of the Congo,Mammalia,Cercopithecus wolfi,300,,II,live,14/03/18,2018
Democratic Republic of the Congo,Reptilia,Chamaeleo dilepis,"3,000",,II,live,14/03/18,2018
Democratic Republic of the Congo,Reptilia,Chamaeleo gracilis,"3,000",,II,live,14/03/18,2018
Democratic Republic of the Congo,Mammalia,Chlorocebus aethiops,100,,II,live,14/03/18,2018
Democratic Republic of the Congo,Mammalia,Chlorocebus tantalus,300,,II,live,14/03/18,2018
Democratic Republic of the Congo,Mammalia,Colobus angolensis,50,,II,live,14/03/18,2018
Democratic Republic of the Congo,Reptilia,Cycloderma aubryi,"1,000",,II,live,14/03/18,2018
Democratic Republic of the Congo,Reptilia,Cycloderma frenatum,"1,000",,II,live,14/03/18,2018
Democratic Republic of the Congo,Leguminosae,Guibourtia demeusei,"14,895",m3,II,"logs, sawn wood, veneer sheets",14/03/18,2018
Democratic Republic of the Congo,Reptilia,Kinixys belliana,"1,000",,II,live,14/03/18,2018
Democratic Republic of the Congo,Reptilia,Kinixys spekii,"1,000",,II,live,14/03/18,2018
Democratic Republic of the Congo,Reptilia,Kinyongia carpenteri,"3,000",,II,live,14/03/18,2018
Democratic Republic of the Congo,Mammalia,Lophocebus albigena,300,,II,live,14/03/18,2018
Democratic Republic of the Congo,Mammalia,Lophocebus aterrimus,300,,II,live,14/03/18,2018
Democratic Republic of the Congo,Arachnida,Pandinus dictator,"15,000",,II,live,16/04/18,2018
Democratic Republic of the Congo,Mammalia,Panthera pardus,5,,I,skins,14/03/18,2018
Democratic Republic of the Congo,Leguminosae,Pericopsis elata +,"50,013",m3,II,"logs, sawn wood, veneer sheets",14/03/18,2018
Democratic Republic of the Congo,Mammalia,Perodicticus potto,300,,II,live,14/03/18,2018
Democratic Republic of the Congo,Aves,Poicephalus gulielmi,"2,500",,II,live,14/03/18,2018
Democratic Republic of the Congo,Rosaceae,Prunus africana,prep.,kg,II,dry bark,14/03/18,2018
Democratic Republic of the Congo,Reptilia,Python sebae,50,,II,live/skins,16/04/18,2018
Democratic Republic of the Congo,Aves,Stephanoaetus coronatus,10,,II,live,14/03/18,2018
Democratic Republic of the Congo,Reptilia,Trioceros bitaeniatus,"3,000",,II,live,14/03/18,2018
Democratic Republic of the Congo,Reptilia,Trioceros ellioti,"3,000",,II,live,14/03/18,2018
Democratic Republic of the Congo,Reptilia,Trioceros ituriensis,"2,000",,II,live,14/03/18,2018
Democratic Republic of the Congo,Reptilia,Trioceros jacksonii,"3,000",,II,live,14/03/18,2018
Democratic Republic of the Congo,Reptilia,Trioceros johnstoni,"3,000",,II,live,14/03/18,2018
Democratic Republic of the Congo,Reptilia,Varanus albigularis,"2,000",,II,live,14/03/18,2018
Democratic Republic of the Congo,Reptilia,Varanus exanthematicus,"2,000",,II,live,14/03/18,2018
Democratic Republic of the Congo,Reptilia,Varanus niloticus,"1,000",,II,live,14/03/18,2018
Democratic Republic of the Congo,Reptilia,Varanus ornatus,"2,000",,II,live,14/03/18,2018
Denmark,Actinopteri,Anguilla anguilla,0,,II,wild-taken,19/03/18,2018
Estonia,Actinopteri,Anguilla anguilla,0,,II,wild-taken,19/03/18,2018
Ethiopia,Mammalia,Canis aureus,10,,III,live,19/03/18,2018
Ethiopia,Mammalia,Canis aureus,10,,III,wild-taken,19/03/18,2018
Ethiopia,Mammalia,Caracal caracal,6,,I/II,trophies,19/03/18,2018
Ethiopia,Mammalia,Cercopithecus mitis,10,,II,trophies,19/03/18,2018
Ethiopia,Reptilia,Chamaeleo africanus,500,,II,live,19/03/18,2018
Ethiopia,Reptilia,Chamaeleo calcaricarens,500,,II,live,19/03/18,2018
Ethiopia,Reptilia,Chamaeleo dilepis,500,,II,live,19/03/18,2018
Ethiopia,Reptilia,Chamaeleo gracilis,500,,II,live,19/03/18,2018
Ethiopia,Reptilia,Chamaeleo senegalensis,500,,II,live,19/03/18,2018
Ethiopia,Mammalia,Chlorocebus aethiops,10,,II,trophies,19/03/18,2018
Ethiopia,Mammalia,Chlorocebus aethiops,40,,II,live,19/03/18,2018
Ethiopia,Mammalia,Chlorocebus pygerythrus,10,,II,trophies,19/03/18,2018
Ethiopia,Mammalia,Chlorocebus pygerythrus,40,,II,live,19/03/18,2018
Ethiopia,Mammalia,Civettictis civetta,"3,000",kg,III,musk,19/03/18,2018
Ethiopia,Mammalia,Colobus guereza,150,,II,live,19/03/18,2018
Ethiopia,Mammalia,Colobus guereza,50,,II,trophies,19/03/18,2018
Ethiopia,Reptilia,Cordylus tropidosternum,"1,500",,II,live,19/03/18,2018
Ethiopia,Reptilia,Crocodylus niloticus,"3,000",,I/II,ranched skins,19/03/18,2018
Ethiopia,Reptilia,Crocodylus niloticus,5,,I/II,trophies,19/03/18,2018
Ethiopia,Mammalia,Felis silvestris,10,,II,trophies,19/03/18,2018
Ethiopia,Mammalia,Felis silvestris,15,,II,live,19/03/18,2018
Ethiopia,Reptilia,Gongylophis colubrinus,500,,II,live,19/03/18,2018
Ethiopia,Mammalia,Hippopotamus amphibius,20,kg,II,worked ivory,19/03/18,2018
Ethiopia,Mammalia,Hippopotamus amphibius,20,kg,II,raw ivory,19/03/18,2018
Ethiopia,Mammalia,Hippopotamus amphibius,6,,II,trophies,19/03/18,2018
Ethiopia,Mammalia,Leptailurus serval,4,,II,trophies,19/03/18,2018
Ethiopia,Mammalia,Panthera leo,10,,I/II,trophies,19/03/18,2018
Ethiopia,Mammalia,Panthera pardus,500,,I,trophies and skins [Note: see Resolution Conf. 10.14 (Rev. CoP16)],19/03/18,2018
Ethiopia,Mammalia,Papio anubis,prep.,,II,trophies,19/03/18,2018
Ethiopia,Mammalia,Papio anubis,100,,II,live,19/03/18,2018
Ethiopia,Mammalia,Papio hamadryas,prep.,,II,trophies,19/03/18,2018
Ethiopia,Mammalia,Papio hamadryas,100,,II,live,19/03/18,2018
Ethiopia,Reptilia,Python sebae,50,,II,live,19/03/18,2018
Ethiopia,Reptilia,Stigmochelys pardalis,"1,000",,II,live,19/03/18,2018
Ethiopia,Reptilia,Stigmochelys pardalis,900,,II,captive-bred,19/03/18,2018
Ethiopia,Mammalia,Theropithecus gelada,20,,II,trophies,19/03/18,2018
Ethiopia,Reptilia,Trioceros affinis,500,,II,live,19/03/18,2018
Ethiopia,Reptilia,Uromastyx ocellata,500,,II,live,19/03/18,2018
Ethiopia,Reptilia,Varanus albigularis,500,,II,live,19/03/18,2018
Ethiopia,Reptilia,Varanus exanthematicus,500,,II,live,19/03/18,2018
Ethiopia,Reptilia,Varanus niloticus,750,,II,live,19/03/18,2018
Fiji,Anthozoa,Scleractinia,0,,II/NC,,19/03/18,2018
Finland,Actinopteri,Anguilla anguilla,0,,II,wild-taken,19/03/18,2018
France,Actinopteri,Anguilla anguilla,0,,II,wild-taken,19/03/18,2018
Germany,Actinopteri,Anguilla anguilla,0,,II,wild-taken,19/03/18,2018
Greece,Actinopteri,Anguilla anguilla,0,,II,wild-taken,19/03/18,2018
Hungary,Actinopteri,Anguilla anguilla,0,,II,wild-taken,19/03/18,2018
Guinea-Bissau,Leguminosae,Pterocarpus erinaceus,0,,II,"All specimens from the wild, harvested after the inclusion of the species in CITES (9 May 2016). | A quota of 24.339 m3 of pre-Convention specimens will be authorized for export in 2018. Reference is made to Notification to the Parties 2018/051 of 17 May 2018.",18/05/18,2018
Indonesia,Anthozoa,Acanthastrea,"1,000",,II,live,19/03/18,2018
Indonesia,Anthozoa,Acanthophyllia deshayesiana,"4,000",,II,live,19/03/18,2018
Indonesia,Anthozoa,Acropora,"3,000",,II,live,19/03/18,2018
Indonesia,Anthozoa,Alveopora spongiosa,"1,050",,II,live,19/03/18,2018
Indonesia,Reptilia,Amyda cartilaginea,"1,485",,II,live,19/03/18,2018
Indonesia,Reptilia,Amyda cartilaginea,"23,715",,II,skins and skin products,19/03/18,2018
Indonesia,Reptilia,Apodora papuana,135,,II,live,19/03/18,2018
Indonesia,Thymelaeaceae,Aquilaria filaria,"490,010",kg,II,agarwood,19/03/18,2018
Indonesia,Thymelaeaceae,Aquilaria malaccensis,"151,725",kg,II,agarwood,19/03/18,2018
Indonesia,Anthozoa,Blastomussa wellsi,"3,500",,II,live,19/03/18,2018
Indonesia,Reptilia,Candoia aspera,"1,080",,II,live,19/03/18,2018
Indonesia,Reptilia,Candoia carinata,585,,II,live,19/03/18,2018
Indonesia,Reptilia,Candoia paulsoni,135,,II,live,19/03/18,2018
Indonesia,Anthozoa,Catalaphyllia jardinei,"19,000",,II,live,19/03/18,2018
Indonesia,Actinopteri,Cheilinus undulatus,"1,800",hds,II,wild - reference is made to Notification to the Parties 2018/022 of 27 February 2018.,19/03/18,2018
Indonesia,Dicksoniaceae,Cibotium barometz,"1,000",kg,II,"dry weight, in the form of sticks, boards, chips, pots, etc.",19/03/18,2018
Indonesia,Reptilia,Crocodylus novaeguineae,"16,133",,II,skins and skin products,19/03/18,2018
Indonesia,Reptilia,Crocodylus porosus,"1,655",,I/II,"skins and skin products/live, ranched",19/03/18,2018
Indonesia,Reptilia,Cuora amboinensis,"12,510",,II,live,19/03/18,2018
Indonesia,Reptilia,Cuora amboinensis,"5,490",,II,live,19/03/18,2018
Indonesia,Reptilia,Cyclemys dentata,"10,800",,II,skins and skin products,20/04/18,2018
Indonesia,Reptilia,Cyclemys dentata,"2,003",,II,live,19/03/18,2018
Indonesia,Anthozoa,Cycloseris,"4,000",,II,live,19/03/18,2018
Indonesia,Anthozoa,Cynarina lacrymalis,"7,000",,II,live,19/03/18,2018
Indonesia,Anthozoa,Cyphastrea serailia,500,,II,live,19/03/18,2018
Indonesia,Anthozoa,Diploastrea heliopora,500,,II,live,19/03/18,2018
Indonesia,Hydrozoa,Distichopora,"1,500",,II,"live, wild-taken (not identifiable to species level)",19/03/18,2018
Indonesia,Reptilia,Dogania subplana,"1,530",,II,live,19/03/18,2018
Indonesia,Reptilia,Dogania subplana,"2,970",,II,skins and skin products,20/04/18,2018
Indonesia,Anthozoa,Echinophyllia,"1,500",,II,live,19/03/18,2018
Indonesia,Anthozoa,Echinopora lamellosa,500,,II,live,19/03/18,2018
Indonesia,Anthozoa,Eguchipsammia fistula,"14,000",,II,live,19/03/18,2018
Indonesia,Anthozoa,Euphyllia ancora,"18,500",,II,live,19/03/18,2018
Indonesia,Anthozoa,Euphyllia cristata,"20,000",,II,live,19/03/18,2018
Indonesia,Anthozoa,Euphyllia divisa,"1,000",,II,live,19/03/18,2018
Indonesia,Anthozoa,Euphyllia glabrescens,"12,000",,II,live,19/03/18,2018
Indonesia,Anthozoa,Euphyllia paraancora,"3,000",,II,live,19/03/18,2018
Indonesia,Anthozoa,Euphyllia paradivisa,"2,500",,II,live,19/03/18,2018
Indonesia,Anthozoa,Favia,"7,000",,II,live,19/03/18,2018
Indonesia,Anthozoa,Favites abdita,"12,500",,II,live,19/03/18,2018
Indonesia,Anthozoa,Fungia,"1,500",,II,"live, wild-taken (not identifiable to species level)",19/03/18,2018
Indonesia,Anthozoa,Fungia,"19,500",,II,live,19/03/18,2018
Indonesia,Anthozoa,Fungia distorta,750,,II,live,19/03/18,2018
Indonesia,Anthozoa,Fungia fragilis,750,,II,live,19/03/18,2018
Indonesia,Anthozoa,Galaxea astreata,"5,600",,II,live,19/03/18,2018
Indonesia,Anthozoa,Galaxea fascicularis,"8,000",,II,live,19/03/18,2018
Indonesia,Anthozoa,Goniastrea,"2,900",,II,live,19/03/18,2018
Indonesia,Anthozoa,Goniopora,"42,000",,II,live,19/03/18,2018
Indonesia,Anthozoa,Goniopora lobata,"38,500",,II,live,19/03/18,2018
Indonesia,Anthozoa,Goniopora stokesi,"41,000",,II,live,19/03/18,2018
Indonesia,Thymelaeaceae,Gonystylus bancanus,"7,203",m3,II,"finished products: mouldings, dowels, door leaf, plywood, etc.",19/03/18,2018
Indonesia,Thymelaeaceae,Gyrinops versteegii,"4,500",kg,II,agarwood,19/03/18,2018
Indonesia,Anthozoa,Heliofungia actiniformis,"33,000",,II,live,19/03/18,2018
Indonesia,Anthozoa,Heliopora coerulea,"2,500",,II,live,19/03/18,2018
Indonesia,Reptilia,Heosemys spinosa,225,,II,live,19/03/18,2018
Indonesia,Anthozoa,Herpolitha limax,"2,000",,II,live,19/03/18,2018
Indonesia,Anthozoa,Hydnophora exesa,"10,000",,II,live,19/03/18,2018
Indonesia,Anthozoa,Hydnophora microconos,"6,500",,II,live,19/03/18,2018
Indonesia,Reptilia,Indotestudo forstenii,135,,II,live,19/03/18,2018
Indonesia,Reptilia,Leiopython albertisii,315,,II,live,19/03/18,2018
Indonesia,Reptilia,Liasis fuscus,180,,II,live,19/03/18,2018
Indonesia,Reptilia,Liasis mackloti,90,,II,live,19/03/18,2018
Indonesia,Anthozoa,Lobophyllia,"11,000",,II,live,19/03/18,2018
Indonesia,Anthozoa,Lobophyllia corymbosa,"11,000",,II,live,19/03/18,2018
Indonesia,Reptilia,Malayemys subtrijuga,117,,II,live - should be restricted to live individuals with a maximum straight carapace length (SCL) of 10 cm,19/03/18,2018
Indonesia,Reptilia,Manouria emys,27,,II,live,19/03/18,2018
Indonesia,Anthozoa,Merulina ampliata,"5,000",,II,live,19/03/18,2018
Indonesia,Hydrozoa,Millepora,"2,000",,II,live,19/03/18,2018
Indonesia,Anthozoa,Montastrea,"7,500",,II,live,19/03/18,2018
Indonesia,Anthozoa,Montipora,"3,000",,II,live,19/03/18,2018
Indonesia,Reptilia,Morelia amethistina,270,,II,live,19/03/18,2018
Indonesia,Reptilia,Morelia clastolepis,27,,II,live,19/03/18,2018
Indonesia,Reptilia,Morelia nauta,27,,II,live,19/03/18,2018
Indonesia,Reptilia,Morelia spilota,270,,II,live. [Note: Quota applies to subspecies <i>Morelia spilota harrisoni</i>.],19/03/18,2018
Indonesia,Reptilia,Morelia tracyae,27,,II,live,19/03/18,2018
Indonesia,Anthozoa,Mycedium elephantotus,750,,II,live,19/03/18,2018
Indonesia,Anthozoa,Mycedium robokaki,750,,II,live,19/03/18,2018
Indonesia,Reptilia,Naja sputatrix,"131,400",,II,skins and skin products,20/04/18,2018
Indonesia,Reptilia,Naja sputatrix,315,,II,live,19/03/18,2018
Indonesia,Reptilia,Naja sumatrana,90,,II,live,19/03/18,2018
Indonesia,Reptilia,Notochelys platynota,522,,II,live - should be restricted to live individuals with a maximum straight carapace length (SCL) of 10 cm,19/03/18,2018
Indonesia,Reptilia,Ophiophagus hannah,90,,II,live,19/03/18,2018
Indonesia,Anthozoa,Oxypora,"1,000",,II,live,19/03/18,2018
Indonesia,Anthozoa,Pectinia,"2,500",,II,live,19/03/18,2018
Indonesia,Reptilia,Pelochelys bibroni,90,,II,live,19/03/18,2018
Indonesia,Reptilia,Pelochelys cantorii,36,,II,live,19/03/18,2018
Indonesia,Reptilia,Pelochelys signifera,270,,II,live,19/03/18,2018
Indonesia,Anthozoa,Physogyra lichtensteini,"10,000",,II,live,19/03/18,2018
Indonesia,Anthozoa,Plerogyra sinuosa,"21,000",,II,live,19/03/18,2018
Indonesia,Anthozoa,Plerogyra turbida,"12,000",,II,live,19/03/18,2018
Indonesia,Anthozoa,Polyphyllia talpina,"8,000",,II,live,19/03/18,2018
Indonesia,Anthozoa,Porites,"34,000",,II,live,19/03/18,2018
Indonesia,Mammalia,Pteropus vampyrus,225,,II,live,19/03/18,2018
Indonesia,Reptilia,Ptyas mucosus,"20,250",,II,skins,19/03/18,2018
Indonesia,Reptilia,Ptyas mucosus,407,,II,live,19/03/18,2018
Indonesia,Reptilia,Ptyas mucosus,"69,300",,II,skins and skin products,19/03/18,2018
Indonesia,Reptilia,Python breitensteini,"11,250",,II,skins and skin products,19/03/18,2018
Indonesia,Reptilia,Python breitensteini,585,,II,live,19/03/18,2018
Indonesia,Reptilia,Python brongersmai,"1,890",,II,live,19/03/18,2018
Indonesia,Reptilia,Python brongersmai,"37,080",,II,skins and skin products,19/03/18,2018
Indonesia,Reptilia,Python curtus,"2,070",,II,skins and skin products,19/03/18,2018
Indonesia,Reptilia,Python curtus,270,,II,live,19/03/18,2018
Indonesia,Reptilia,Python reticulatus,"159,030",,II,skins and skin products,19/03/18,2018
Indonesia,Reptilia,Python reticulatus,"2,970",,II,live,19/03/18,2018
Indonesia,Anthozoa,Scleractinia,"450,000",kg,II/NC,"pieces of coral rock to which are attached live specimens of invertebrates species and corallinealgae not included in the CITES appendices and which are transported moist but not in water, in crates",19/03/18,2018
Indonesia,Anthozoa,Scleractinia,"900,000",pcs,II/NC,pieces of coral rock to which are attached invertebrates (of species not included in the CITES appendices and which are transported in water like live corals,19/03/18,2018
Indonesia,Anthozoa,Scolymia vitiensis,"4,500",,II,live,19/03/18,2018
Indonesia,Reptilia,Siebenrockiella crassicollis,"4,523",,II,live,19/03/18,2018
Indonesia,Cyatheaceae,Sphaeropteris glauca,"236,520",kg,II,"dry weight, in the form of sticks, boards, chips, pots, etc.",19/03/18,2018
Indonesia,Anthozoa,Symphyllia,"2,700",,II,live,19/03/18,2018
Indonesia,Anthozoa,Trachyphyllia geoffroyi,"39,000",,II,live,19/03/18,2018
Indonesia,Anthozoa,Tubastraea,"11,000",,II,live,19/03/18,2018
Indonesia,Anthozoa,Tubipora musica,"8,500",,II,live,19/03/18,2018
Indonesia,Anthozoa,Turbinaria,"14,000",,II,live,19/03/18,2018
Indonesia,Anthozoa,Turbinaria peltata,"11,500",,II,live,19/03/18,2018
Indonesia,Reptilia,Varanus doreanus,405,,II,live,19/03/18,2018
Indonesia,Reptilia,Varanus dumerilii,900,,II,live,19/03/18,2018
Indonesia,Reptilia,Varanus jobiensis,450,,II,live,19/03/18,2018
Indonesia,Reptilia,Varanus rudicollis,810,,II,live,19/03/18,2018
Indonesia,Reptilia,Varanus salvadorii,270,,II,live,19/03/18,2018
Indonesia,Reptilia,Varanus salvator,"422,550",,II,skins and skin products,19/03/18,2018
Indonesia,Reptilia,Varanus salvator,"5,288",,II,live,19/03/18,2018
Indonesia,Mammalia,Viverricula indica,23,,III,live,19/03/18,2018
Iran (Islamic Republic of),Actinopteri,Acipenser baerii,100,kg,II,Caviar [Aquaculture],19/03/18,2018
Iran (Islamic Republic of),Actinopteri,Acipenser baerii,"6,000",kg,II,Meat [Aquaculture],19/03/18,2018
Iran (Islamic Republic of),Actinopteri,Acipenser gueldenstaedtii **,0,,II,Meat [Caspian Sea],19/03/18,2018
Iran (Islamic Republic of),Actinopteri,Acipenser gueldenstaedtii **,0,,II,Caviar [Caspian Sea],19/03/18,2018
Iran (Islamic Republic of),Actinopteri,Acipenser gueldenstaedtii,100,kg,II,Caviar [Aquaculture],19/03/18,2018
Iran (Islamic Republic of),Actinopteri,Acipenser gueldenstaedtii,500,kg,II,Meat [Aquaculture],19/03/18,2018
Iran (Islamic Republic of),Actinopteri,Acipenser nudiventris **,0,,II,Meat [Caspian Sea],19/03/18,2018
Iran (Islamic Republic of),Actinopteri,Acipenser nudiventris **,0,,II,Caviar [Caspian Sea],19/03/18,2018
Iran (Islamic Republic of),Actinopteri,Acipenser nudiventris **,0,kg,II,Meat [Aquaculture],19/03/18,2018
Iran (Islamic Republic of),Actinopteri,Acipenser nudiventris,100,kg,II,Caviar [Aquaculture],19/03/18,2018
Iran (Islamic Republic of),Actinopteri,Acipenser persicus **,0,,II,Meat [Caspian Sea],19/03/18,2018
Iran (Islamic Republic of),Actinopteri,Acipenser persicus **,0,,II,Caviar [Caspian Sea],19/03/18,2018
Iran (Islamic Republic of),Actinopteri,Acipenser persicus,100,kg,II,Caviar [Aquaculture],19/03/18,2018
Iran (Islamic Republic of),Actinopteri,Acipenser persicus,500,kg,II,Meat [Aquaculture],19/03/18,2018
Iran (Islamic Republic of),Actinopteri,Acipenser ruthenus **,0,,II,Caviar [Caspian Sea],19/03/18,2018
Iran (Islamic Republic of),Actinopteri,Acipenser ruthenus **,0,,II,Meat [Caspian Sea],19/03/18,2018
Iran (Islamic Republic of),Actinopteri,Acipenser ruthenus **,0,kg,II,Meat [Aquaculture],19/03/18,2018
Iran (Islamic Republic of),Actinopteri,Acipenser ruthenus,100,kg,II,Caviar [Aquaculture],19/03/18,2018
Iran (Islamic Republic of),Actinopteri,Acipenser stellatus **,0,,II,Caviar [Caspian Sea],19/03/18,2018
Iran (Islamic Republic of),Actinopteri,Acipenser stellatus **,0,,II,Meat [Caspian Sea],19/03/18,2018
Iran (Islamic Republic of),Actinopteri,Acipenser stellatus,100,kg,II,Caviar [Aquaculture],19/03/18,2018
Iran (Islamic Republic of),Actinopteri,Acipenser stellatus,500,kg,II,Meat [Aquaculture],19/03/18,2018
Iran (Islamic Republic of),Aves,Falco cherrug +,0,,II,,19/03/18,2018
Iran (Islamic Republic of),Actinopteri,Huso huso **,0,,II,Caviar [Caspian Sea],19/03/18,2018
Iran (Islamic Republic of),Actinopteri,Huso huso **,0,,II,Meat [Caspian Sea],19/03/18,2018
Iran (Islamic Republic of),Actinopteri,Huso huso,"3,500",kg,II,Caviar [Aquaculture],19/03/18,2018
Iran (Islamic Republic of),Actinopteri,Huso huso,"500,000",kg,II,Meat [Aquaculture],19/03/18,2018
Ireland,Actinopteri,Anguilla anguilla,0,,II,wild-taken,19/03/18,2018
Italy,Actinopteri,Anguilla anguilla,0,,II,wild-taken,19/03/18,2018
Kazakhstan,Actinopteri,Acipenser gueldenstaedtii **,0,,II,Meat [Caspian Sea],19/03/18,2018
Kazakhstan,Actinopteri,Acipenser gueldenstaedtii **,0,,II,Caviar [Caspian Sea],19/03/18,2018
Kazakhstan,Actinopteri,Acipenser nudiventris **,0,,II,Caviar [Caspian Sea],19/03/18,2018
Kazakhstan,Actinopteri,Acipenser nudiventris **,0,,II,Meat [Caspian Sea],19/03/18,2018
Kazakhstan,Actinopteri,Acipenser persicus **,0,,II,Caviar [Caspian Sea],19/03/18,2018
Kazakhstan,Actinopteri,Acipenser persicus **,0,,II,Meat [Caspian Sea],19/03/18,2018
Kazakhstan,Actinopteri,Acipenser ruthenus **,0,,II,Caviar [Caspian Sea],19/03/18,2018
Kazakhstan,Actinopteri,Acipenser ruthenus **,0,,II,Meat [Caspian Sea],19/03/18,2018
Kazakhstan,Actinopteri,Acipenser stellatus **,0,,II,Caviar [Caspian Sea],19/03/18,2018
Kazakhstan,Actinopteri,Acipenser stellatus **,0,,II,Meat [Caspian Sea],19/03/18,2018
Kazakhstan,Aves,Falco cherrug +,0,,II,"live, wild-taken",19/03/18,2018
Kazakhstan,Actinopteri,Huso huso **,0,,II,Caviar [Caspian Sea],19/03/18,2018
Kazakhstan,Actinopteri,Huso huso **,0,,II,Meat [Caspian Sea],19/03/18,2018
Kenya,Mammalia,Panthera pardus,80,,I,trophies and skins [Note: see Resolution Conf. 10.14 (Rev. CoP16)],19/03/18,2018
Latvia,Actinopteri,Anguilla anguilla,0,,II,wild-taken,19/03/18,2018
Lithuania,Actinopteri,Anguilla anguilla,0,,II,wild-taken,19/03/18,2018
Luxembourg,Actinopteri,Anguilla anguilla,0,,II,wild-taken,19/03/18,2018
Madagascar,Aves,Agapornis canus,"3,500",,II,live,19/03/18,2018
Madagascar,Liliaceae,Aloe capitata,"1,483",,II,live plants,19/03/18,2018
Madagascar,Liliaceae,Aloe conifera,0,,II,,19/03/18,2018
Madagascar,Liliaceae,Aloe deltoideodonta,"3,708",,II,live plants,19/03/18,2018
Madagascar,Liliaceae,Aloe erythrophylla,0,,II,,19/03/18,2018
Madagascar,Liliaceae,Aloe guillaumetii,250,,II,live plants,19/03/18,2018
Madagascar,Liliaceae,Aloe humbertii +,0,,II,,19/03/18,2018
Madagascar,Liliaceae,Aloe imalotensis,178,,II,live plants,19/03/18,2018
Madagascar,Reptilia,Brookesia betschi,300,,II,live,19/03/18,2018
Madagascar,Reptilia,Brookesia brygooi,500,,II,live,19/03/18,2018
Madagascar,Reptilia,Brookesia ebenaui,150,,II,live,19/03/18,2018
Madagascar,Reptilia,Brookesia griveaudi,150,,II,live,19/03/18,2018
Madagascar,Reptilia,Brookesia minima,150,,II,live,19/03/18,2018
Madagascar,Reptilia,Brookesia peyrierasi,150,,II,live,19/03/18,2018
Madagascar,Reptilia,Brookesia stumpffi,500,,II,live,19/03/18,2018
Madagascar,Reptilia,Brookesia superciliaris,500,,II,live,19/03/18,2018
Madagascar,Reptilia,Brookesia therezieni,500,,II,live,19/03/18,2018
Madagascar,Reptilia,Brookesia thieli,500,,II,live,19/03/18,2018
Madagascar,Reptilia,Calumma boettgeri +,500,,II,live,19/03/18,2018
Madagascar,Reptilia,Calumma brevicorne,500,,II,live,19/03/18,2018
Madagascar,Reptilia,Calumma gastrotaenia,500,,II,live,19/03/18,2018
Madagascar,Reptilia,Calumma guillaumeti +,500,,II,live,19/03/18,2018
Madagascar,Reptilia,Calumma malthe +,500,,II,live,19/03/18,2018
Madagascar,Reptilia,Calumma marojezense +,300,,II,live,19/03/18,2018
Madagascar,Reptilia,Calumma nasutum,"1,000",,II,live,19/03/18,2018
Madagascar,Reptilia,Calumma oshaughnessyi +,250,,II,live,19/03/18,2018
Madagascar,Reptilia,Calumma parsonii,300,,II,live,19/03/18,2018
Madagascar,Amphibia,Dyscophus guineti,500,,II,,19/03/18,2018
Madagascar,Amphibia,Dyscophus insularis,500,,II,,19/03/18,2018
Madagascar,Reptilia,Erymnochelys madagascariensis,25,,II,live,19/03/18,2018
Madagascar,Euphorbiaceae,Euphorbia alfredii,0,,II,,19/03/18,2018
Madagascar,Euphorbiaceae,Euphorbia aureoviridiflora,88,,II,artificially propagated live plants,19/03/18,2018
Madagascar,Euphorbiaceae,Euphorbia banae,0,,II,,19/03/18,2018
Madagascar,Euphorbiaceae,Euphorbia berorohae,35,,II,artificially propagated live plants,19/03/18,2018
Madagascar,Euphorbiaceae,Euphorbia biaculeata,0,,II,,19/03/18,2018
Madagascar,Euphorbiaceae,Euphorbia bulbispina,34,,II,artificially propagated live plants,19/03/18,2018
Madagascar,Euphorbiaceae,Euphorbia capmanambatoensis,294,,II,artificially propagated live plants,19/03/18,2018
Madagascar,Euphorbiaceae,Euphorbia capuronii,0,,II,,19/03/18,2018
Madagascar,Euphorbiaceae,Euphorbia denisiana,25,,II,live plants,19/03/18,2018
Madagascar,Euphorbiaceae,Euphorbia didiereoides,0,,II,,19/03/18,2018
Madagascar,Euphorbiaceae,Euphorbia elliotii,0,,II,,19/03/18,2018
Madagascar,Euphorbiaceae,Euphorbia herman-schwartzii,0,,II,,19/03/18,2018
Madagascar,Euphorbiaceae,Euphorbia hofstaetteri,0,,II,,19/03/18,2018
Madagascar,Euphorbiaceae,Euphorbia horombensis,190,,II,artificially propagated live plants,19/03/18,2018
Madagascar,Euphorbiaceae,Euphorbia iharanae,0,,II,,19/03/18,2018
Madagascar,Euphorbiaceae,Euphorbia leuconeura,0,,II,,19/03/18,2018
Madagascar,Euphorbiaceae,Euphorbia mahabobokensis,64,,II,artificially propagated live plants,19/03/18,2018
Madagascar,Euphorbiaceae,Euphorbia mangokyensis,0,,II,,19/03/18,2018
Madagascar,Euphorbiaceae,Euphorbia neobosseri,41,,II,live plants,19/03/18,2018
Madagascar,Euphorbiaceae,Euphorbia pachypodioides,0,,II,artificially propagated live plants,19/03/18,2018
Madagascar,Euphorbiaceae,Euphorbia paulianii,208,,II,artificially propagated live plants,19/03/18,2018
Madagascar,Euphorbiaceae,Euphorbia primulifolia,533,,II,artificially propagated live plants,19/03/18,2018
Madagascar,Euphorbiaceae,Euphorbia robivelonae,261,,II,artificially propagated live plants,19/03/18,2018
Madagascar,Euphorbiaceae,Euphorbia rossii,78,,II,artificially propagated live plants,19/03/18,2018
Madagascar,Mammalia,Eupleres goudotii,5,,II,live,19/03/18,2018
Madagascar,Mammalia,Fossa fossana,10,,II,live,19/03/18,2018
Madagascar,Reptilia,Furcifer angeli,150,,II,,19/03/18,2018
Madagascar,Reptilia,Furcifer antimena +,150,,II,live,19/03/18,2018
Madagascar,Reptilia,Furcifer bifidus,500,,II,live,19/03/18,2018
Madagascar,Reptilia,Furcifer campani,250,,II,live,19/03/18,2018
Madagascar,Reptilia,Furcifer lateralis,"2,000",,II,live,19/03/18,2018
Madagascar,Reptilia,Furcifer oustaleti,"2,000",,II,live,19/03/18,2018
Madagascar,Reptilia,Furcifer pardalis,"3,000",,II,live,19/03/18,2018
Madagascar,Reptilia,Furcifer petteri +,100,,II,live,19/03/18,2018
Madagascar,Reptilia,Furcifer verrucosus,"2,000",,II,live,19/03/18,2018
Madagascar,Reptilia,Furcifer viridis,500,,II,,19/03/18,2018
Madagascar,Reptilia,Furcifer willsii +,500,,II,live,19/03/18,2018
Madagascar,Palmae,Lemurophoenix halleuxii,0,,II,,19/03/18,2018
Madagascar,Amphibia,Mantella aurantiaca,280,,II,live,19/03/18,2018
Madagascar,Amphibia,Mantella baroni,"3,000",,II,live,19/03/18,2018
Madagascar,Amphibia,Mantella bernhardi,0,,II,,19/03/18,2018
Madagascar,Amphibia,Mantella betsileo,"3,000",,II,live,19/03/18,2018
Madagascar,Amphibia,Mantella expectata,0,,II,,19/03/18,2018
Madagascar,Amphibia,Mantella madagascariensis,110,,II,live,19/03/18,2018
Madagascar,Amphibia,Mantella nigricans,"2,000",,II,live,19/03/18,2018
Madagascar,Amphibia,Mantella pulchra,250,,II,live,19/03/18,2018
Madagascar,Amphibia,Mantella viridis,0,,II,,19/03/18,2018
Madagascar,Palmae,Marojejya darianii,0,,II,,19/03/18,2018
Madagascar,Reptilia,Palleon lolontany,0,,II,,19/03/18,2018
Madagascar,Reptilia,Palleon nasus,150,,II,live,19/03/18,2018
Madagascar,Reptilia,Phelsuma grandis,"1,500",,II,live,19/03/18,2018
Madagascar,Reptilia,Phelsuma kochi,"1,000",,II,live,19/03/18,2018
Madagascar,Reptilia,Phelsuma laticauda,"2,000",,II,live,19/03/18,2018
Madagascar,Reptilia,Phelsuma lineata,"3,000",,II,live. Species subject to taxonomic change at CITES CoP 16.,19/03/18,2018
Madagascar,Reptilia,Phelsuma madagascariensis,500,,II,live,19/03/18,2018
Madagascar,Reptilia,Phelsuma quadriocellata,"2,000",,II,live. Species subject to taxonomic change at CITES CoP 16.,19/03/18,2018
Madagascar,Rosaceae,Prunus africana +,0,,II,,19/03/18,2018
Madagascar,Palmae,Ravenea rivularis,"4,500",kg,II,seeds,19/03/18,2018
Madagascar,Amphibia,Scaphiophryne gottlebei,0,,II,,19/03/18,2018
Madagascar,Amphibia,Scaphiophryne marmorata,250,,II,,19/03/18,2018
Madagascar,Amphibia,Scaphiophryne spinosa,500,,II,,19/03/18,2018
Madagascar,Reptilia,Uroplatus ebenaui,150,,II,live,19/03/18,2018
Madagascar,Reptilia,Uroplatus fimbriatus,"1,000",,II,live,19/03/18,2018
Madagascar,Reptilia,Uroplatus guentheri,0,,II,,19/03/18,2018
Madagascar,Reptilia,Uroplatus henkeli,0,,II,,19/03/18,2018
Madagascar,Reptilia,Uroplatus lineatus,250,,II,live,19/03/18,2018
Madagascar,Reptilia,Uroplatus phantasticus,500,,II,live,19/03/18,2018
Madagascar,Reptilia,Uroplatus sameiti,500,,II,live,19/03/18,2018
Madagascar,Reptilia,Uroplatus sikorae,"1,500",,II,live. Species subject to taxonomic change at CITES CoP 16.,19/03/18,2018
Madagascar,Palmae,Voanioala gerardii,0,,II,,19/03/18,2018
Malawi,Mammalia,Panthera pardus,50,,I,trophies and skins [Note: see Resolution Conf. 10.14 (Rev. CoP16)],19/03/18,2018
Malaysia,Anthozoa,Acanthastrea,300,,II,"live, wild-taken (not identifiable to species level) - Sabah",19/03/18,2018
Malaysia,Anthozoa,Acanthastrea,750,,II,"live, wild-taken (not identifiable to species level) - Sarawak",19/03/18,2018
Malaysia,Anthozoa,Acropora,"128,500",,II,"live, wild-taken - Peninsular Malaysia",19/03/18,2018
Malaysia,Anthozoa,Acropora,"250,000",,II,"live, wild-taken (not identifiable to species level) - Sarawak",19/03/18,2018
Malaysia,Anthozoa,Acropora,"3,000",,II,"live, wild-taken (not identifiable to species level) - Sabah",19/03/18,2018
Malaysia,Anthozoa,Alveopora,"1,000",,II,"live, wild-taken (not identifiable to species level) - Sarawak",19/03/18,2018
Malaysia,Anthozoa,Alveopora,300,,II,"live, wild-taken (not identifiable to species level) - Sabah",19/03/18,2018
Malaysia,Reptilia,Amyda cartilaginea,0,,II,"live, wild-taken - Peninsular Malaysia",19/03/18,2018
Malaysia,Anthozoa,Anacropora,"1,000",,II,"live, wild-taken (not identifiable to species level) - Sabah",19/03/18,2018
Malaysia,Thymelaeaceae,Aquilaria,"150,000",kg,II,"wood chips, wood blocks and essential oil - Peninsular and Sabah",19/03/18,2018
Malaysia,Thymelaeaceae,Aquilaria,"5,000",kg,II,"wood chips, wood blocks and essential oil, wild - Sarawak",19/03/18,2018
Malaysia,Anthozoa,Astreopora,"1,000",,II,"live, wild-taken (not identifiable to species level) - Sarawak",19/03/18,2018
Malaysia,Anthozoa,Astreopora,300,,II,"live, wild-taken (not identifiable to species level) - Sabah",19/03/18,2018
Malaysia,Reptilia,Batagur borneoensis,0,,II,"live, wild-taken - Peninsular Malaysia",19/03/18,2018
Malaysia,Anthozoa,Blastomussa,300,,II,"live, wild-taken (not identifiable to species level) - Sabah",19/03/18,2018
Malaysia,Anthozoa,Blastomussa,850,,II,"live, wild-taken (not identifiable to species level) - Sarawak",19/03/18,2018
Malaysia,Anthozoa,Catalaphyllia jardinei,500,,II,"live, wild-taken - Sabah",19/03/18,2018
Malaysia,Anthozoa,Catalaphyllia jardinei,720,,II,"live, wild-taken - Sarawak",19/03/18,2018
Malaysia,Anthozoa,Caulastraea,300,,II,"live, wild-taken (not identifiable to species level) - Sabah",19/03/18,2018
Malaysia,Anthozoa,Caulastraea,650,,II,"live, wild-taken (not identifiable to species level) - Sarawak",19/03/18,2018
Malaysia,Actinopteri,Cheilinus undulatus,0,,II,wild-taken - Sabah,19/03/18,2018
Malaysia,Anthozoa,Coscinaraea,200,,II,"live, wild-taken (not identifiable to species level) - Sabah",19/03/18,2018
Malaysia,Anthozoa,Coscinaraea,450,,II,"live, wild-taken (not identifiable to species level) - Sarawak",19/03/18,2018
Malaysia,Anthozoa,Ctenactis,400,,II,"live, wild-taken (not identifiable to species level) - Sabah",19/03/18,2018
Malaysia,Anthozoa,Ctenactis,750,,II,"live, wild-taken (not identifiable to species level) - Sarawak",19/03/18,2018
Malaysia,Reptilia,Cuora amboinensis,0,,II,"live, wild-taken - Peninsular Malaysia",19/03/18,2018
Malaysia,Anthozoa,Cycloseris,300,,II,"live, wild-taken (not identifiable to species level) - Sabah",19/03/18,2018
Malaysia,Anthozoa,Cycloseris,650,,II,"live, wild-taken (not identifiable to species level) - Sarawak",19/03/18,2018
Malaysia,Anthozoa,Cynarina lacrymalis,300,,II,"live, wild-taken - Sabah",19/03/18,2018
Malaysia,Anthozoa,Cynarina lacrymalis,850,,II,"live, wild-taken - Sarawak",19/03/18,2018
Malaysia,Anthozoa,Cyphastrea,300,,II,"live, wild-taken (not identifiable to species level) - Sabah",19/03/18,2018
Malaysia,Anthozoa,Cyphastrea,650,,II,"live, wild-taken (not identifiable to species level) - Sarawak",19/03/18,2018
Malaysia,Anthozoa,Dendrophyllia,400,,II,"live, wild-taken (not identifiable to species level) - Sabah",19/03/18,2018
Malaysia,Anthozoa,Dendrophyllia,950,,II,"live, wild-taken (not identifiable to species level) - Sarawak",19/03/18,2018
Malaysia,Anthozoa,Diploastrea heliopora,"1,200",,II,"live, wild-taken - Sarawak",19/03/18,2018
Malaysia,Anthozoa,Diploastrea heliopora,400,,II,"live, wild-taken - Sabah",19/03/18,2018
Malaysia,Anthozoa,Diploastrea heliopora,"63,600",,II,"live, wild-taken - Peninsular Malaysia",19/03/18,2018
Malaysia,Hydrozoa,Distichopora,"1,000",,II,"live, wild-taken (not identifiable to species level) - Sabah",19/03/18,2018
Malaysia,Hydrozoa,Distichopora,"1,800",,II,"live, wild-taken (not identifiable to species level) - Sarawak",19/03/18,2018
Malaysia,Anthozoa,Echinophyllia,"1,000",,II,"live, wild-taken (not identifiable to species level) - Sabah",19/03/18,2018
Malaysia,Anthozoa,Echinophyllia,"5,000",,II,"live, wild-taken (not identifiable to species level) - Sarawak",19/03/18,2018
Malaysia,Anthozoa,Echinophyllia,800,,II,"live, wild-taken - Peninsular Malaysia",19/03/18,2018
Malaysia,Anthozoa,Echinopora,"1,360",,II,"live, wild-taken - Peninsular Malaysia",19/03/18,2018
Malaysia,Anthozoa,Echinopora,"1,650",,II,"live, wild-taken (not identifiable to species level) - Sarawak",19/03/18,2018
Malaysia,Anthozoa,Echinopora,400,,II,"live, wild-taken (not identifiable to species level) - Sabah",19/03/18,2018
Malaysia,Mammalia,Elephas maximus,0,,I,raw ivory - Peninsular Malaysia,19/03/18,2018
Malaysia,Mammalia,Elephas maximus,0,,I,raw ivory - Sarawak,19/03/18,2018
Malaysia,Anthozoa,Euphyllia,200,,II,"live, wild-taken - Peninsular Malaysia",19/03/18,2018
Malaysia,Anthozoa,Euphyllia,"2,000",,II,"live, wild-taken (not identifiable to species level) - Sabah",19/03/18,2018
Malaysia,Anthozoa,Euphyllia,"3,200",,II,"live, wild-taken (not identifiable to species level) - Sarawak",19/03/18,2018
Malaysia,Anthozoa,Favia,"1,350",,II,"live, wild-taken (not identifiable to species level) - Sarawak",19/03/18,2018
Malaysia,Anthozoa,Favia,"1,400",,II,"live, wild-taken - Peninsular Malaysia",19/03/18,2018
Malaysia,Anthozoa,Favia,500,,II,"live, wild-taken (not identifiable to species level) - Sabah",19/03/18,2018
Malaysia,Anthozoa,Favites,"1,200",,II,"live, wild-taken - Peninsular Malaysia",19/03/18,2018
Malaysia,Anthozoa,Favites,"1,250",,II,"live, wild-taken (not identifiable to species level) - Sarawak",19/03/18,2018
Malaysia,Anthozoa,Favites,500,,II,"live, wild-taken (not identifiable to species level) - Sabah",19/03/18,2018
Malaysia,Anthozoa,Fungia,"1,000",,II,"live, wild-taken (not identifiable to species level) - Sabah",19/03/18,2018
Malaysia,Anthozoa,Fungia,"4,030",,II,"live, wild-taken (not identifiable to species level) - Sarawak",19/03/18,2018
Malaysia,Anthozoa,Galaxea,"1,000",,II,"live, wild-taken - Peninsular Malaysia",19/03/18,2018
Malaysia,Anthozoa,Galaxea,"1,250",,II,"live, wild-taken (not identifiable to species level) - Sarawak",19/03/18,2018
Malaysia,Anthozoa,Galaxea,500,,II,"live, wild-taken (not identifiable to species level) - Sabah",19/03/18,2018
Malaysia,Anthozoa,Gardineroseris,"1,800",,II,"live, wild-taken (not identifiable to species level) - Sarawak",19/03/18,2018
Malaysia,Anthozoa,Goniastrea,"1,000",,II,"live, wild-taken (not identifiable to species level) - Sabah",19/03/18,2018
Malaysia,Anthozoa,Goniastrea,"2,500",,II,"live, wild-taken (not identifiable to species level) - Sarawak",19/03/18,2018
Malaysia,Anthozoa,Goniopora,"1,000",,II,"live, wild-taken (not identifiable to species level) - Sabah",19/03/18,2018
Malaysia,Anthozoa,Goniopora,"2,800",,II,"live, wild-taken (not identifiable to species level) - Sarawak",19/03/18,2018
Malaysia,Anthozoa,Goniopora,800,,II,"live, wild-taken - Peninsular Malaysia",19/03/18,2018
Malaysia,Thymelaeaceae,Gonystylus,"10,000",m3,II,parts and derivatives [Peninsular and Sabah],19/03/18,2018
Malaysia,Thymelaeaceae,Gonystylus bancanus,"3,178",m3,II,"moulding, sawn timber - wild - Sarawak",19/03/18,2018
Malaysia,Aves,Gracula religiosa,0,,II,"live, wild-taken - Peninsular Malaysia",19/03/18,2018
Malaysia,Aves,Gracula religiosa,0,,II,"live, wild-taken - Sarawak",19/03/18,2018
Malaysia,Anthozoa,Halomitra pileus,"1,280",,II,"live, wild-taken - Sarawak",19/03/18,2018
Malaysia,Anthozoa,Heliofungia actiniformis,"1,500",,II,"live, wild-taken - Sarawak",19/03/18,2018
Malaysia,Anthozoa,Heliopora coerulea,"2,500",,II,"live, wild-taken - Sarawak",19/03/18,2018
Malaysia,Reptilia,Heosemys annandalii,0,,II,"live, wild-taken - Peninsular Malaysia",19/03/18,2018
Malaysia,Reptilia,Heosemys grandis,0,,II,"live, wild-taken - Peninsular Malaysia",19/03/18,2018
Malaysia,Reptilia,Heosemys spinosa,0,,II,"live, wild-taken - Peninsular Malaysia",19/03/18,2018
Malaysia,Anthozoa,Herpolitha limax,980,,II,"live, wild-taken - Sarawak",19/03/18,2018
Malaysia,Anthozoa,Hydnophora,"1,500",,II,"live, wild-taken (not identifiable to species level) - Sarawak",19/03/18,2018
Malaysia,Anthozoa,Hydnophora,360,,II,"live, wild-taken - Peninsular Malaysia",19/03/18,2018
Malaysia,Anthozoa,Hydnophora,400,,II,"live, wild-taken (not identifiable to species level) - Sabah",19/03/18,2018
Malaysia,Reptilia,Indotestudo elongata,0,,II,"live, wild-taken - Peninsular Malaysia",19/03/18,2018
Malaysia,Anthozoa,Leptastrea,300,,II,"live, wild-taken (not identifiable to species level) - Sabah",19/03/18,2018
Malaysia,Anthozoa,Leptastrea,550,,II,"live, wild-taken (not identifiable to species level) - Sarawak",19/03/18,2018
Malaysia,Anthozoa,Leptoria phrygia,750,,II,"live, wild-taken (not identifiable to species level) - Sarawak",19/03/18,2018
Malaysia,Anthozoa,Leptoseris,260,,II,"live, wild-taken - Peninsular Malaysia",19/03/18,2018
Malaysia,Anthozoa,Leptoseris,400,,II,"live, wild-taken (not identifiable to species level) - Sabah",19/03/18,2018
Malaysia,Anthozoa,Leptoseris,750,,II,"live, wild-taken (not identifiable to species level) - Sarawak",19/03/18,2018
Malaysia,Anthozoa,Lithophyllon,"1,100",,II,"live, wild-taken (not identifiable to species level) - Sarawak",19/03/18,2018
Malaysia,Anthozoa,Lithophyllon,500,,II,"live, wild-taken (not identifiable to species level) - Sabah",19/03/18,2018
Malaysia,Anthozoa,Lobophyllia,"1,290",,II,"live, wild-taken (not identifiable to species level) - Sarawak",19/03/18,2018
Malaysia,Anthozoa,Lobophyllia,500,,II,"live, wild-taken (not identifiable to species level) - Sabah",19/03/18,2018
Malaysia,Anthozoa,Lobophyllia,740,,II,"live, wild-taken - Peninsular Malaysia",19/03/18,2018
Malaysia,Aves,Loriculus galgulus,425,,II,"live, wild-taken - Peninsular Malaysia",19/03/18,2018
Malaysia,Reptilia,Malayemys macrocephala,0,,II,"live, wild-taken - Peninsular Malaysia",19/03/18,2018
Malaysia,Reptilia,Manouria emys,0,,II,"live, wild-taken - Peninsular Malaysia",19/03/18,2018
Malaysia,Reptilia,Manouria impressa,0,,II,"live, wild-taken - Peninsular Malaysia",19/03/18,2018
Malaysia,Anthozoa,Merulina,850,,II,"live, wild-taken - Sarawak",19/03/18,2018
Malaysia,Hydrozoa,Millepora,"1,000",,II,"live, wild-taken (not identifiable to species level) - Sabah",19/03/18,2018
Malaysia,Hydrozoa,Millepora,"2,200",,II,"live, wild-taken (not identifiable to species level) - Sarawak",19/03/18,2018
Malaysia,Anthozoa,Montastrea,400,,II,"live, wild-taken (not identifiable to species level) - Sabah",19/03/18,2018
Malaysia,Anthozoa,Montastrea,890,,II,"live, wild-taken (not identifiable to species level) - Sarawak",19/03/18,2018
Malaysia,Anthozoa,Montipora,"10,780",,II,"live, wild-taken - Peninsular Malaysia",19/03/18,2018
Malaysia,Anthozoa,Montipora,"1,100",,II,"live, wild-taken (not identifiable to species level) - Sarawak",19/03/18,2018
Malaysia,Anthozoa,Montipora,500,,II,"live, wild-taken (not identifiable to species level) - Sabah",19/03/18,2018
Malaysia,Anthozoa,Mycedium,750,,II,"live, wild-taken - Sarawak",19/03/18,2018
Malaysia,Reptilia,Naja kaouthia,"2,250",,II,"live, wild-taken - Peninsular Malaysia",19/03/18,2018
Malaysia,Reptilia,Naja naja,0,,II,"live, wild-taken - Peninsular Malaysia",19/03/18,2018
Malaysia,Reptilia,Naja sumatrana,595,,II,"live, wild-taken - Peninsular Malaysia",19/03/18,2018
Malaysia,Reptilia,Notochelys platynota,0,,II,"live, wild-taken - Peninsular Malaysia",19/03/18,2018
Malaysia,Reptilia,Orlitia borneensis,0,,II,"live, wild-taken - Peninsular Malaysia",19/03/18,2018
Malaysia,Anthozoa,Oxypora,300,,II,"live, wild-taken (not identifiable to species level) - Sabah",19/03/18,2018
Malaysia,Anthozoa,Oxypora,440,,II,"live, wild-taken (not identifiable to species level) - Sarawak",19/03/18,2018
Malaysia,Anthozoa,Pachyseris,"1,120",,II,"live, wild-taken (not identifiable to species level) - Sarawak",19/03/18,2018
Malaysia,Anthozoa,Pachyseris,500,,II,"live, wild-taken - Peninsular Malaysia",19/03/18,2018
Malaysia,Anthozoa,Pachyseris,500,,II,"live, wild-taken (not identifiable to species level) - Sabah",19/03/18,2018
Malaysia,Anthozoa,Pavona,"1,250",,II,"live, wild-taken (not identifiable to species level) - Sarawak",19/03/18,2018
Malaysia,Anthozoa,Pavona,500,,II,"live, wild-taken (not identifiable to species level) - Sabah",19/03/18,2018
Malaysia,Anthozoa,Pavona,"6,680",,II,"live, wild-taken - Peninsular Malaysia",19/03/18,2018
Malaysia,Anthozoa,Pectinia,300,,II,"live, wild-taken (not identifiable to species level) - Sabah",19/03/18,2018
Malaysia,Anthozoa,Pectinia,750,,II,"live, wild-taken (not identifiable to species level) - Sarawak",19/03/18,2018
Malaysia,Reptilia,Pelochelys cantorii,0,,II,"live, wild-taken - Peninsular Malaysia",19/03/18,2018
Malaysia,Reptilia,Varanus salvator,"165,000",,II,"all, wild-taken - Peninsular Malaysia",25/04/18,2018
Malaysia,Anthozoa,Physogyra,500,,II,"live, wild-taken (not identifiable to species level) - Sabah",19/03/18,2018
Malaysia,Anthozoa,Physogyra lichtensteini,750,,II,"live, wild-taken - Sarawak",19/03/18,2018
Malaysia,Anthozoa,Platygyra,"1,350",,II,"live, wild-taken (not identifiable to species level) - Sarawak",19/03/18,2018
Malaysia,Anthozoa,Platygyra,"1,660",,II,"live, wild-taken - Peninsular Malaysia",19/03/18,2018
Malaysia,Anthozoa,Platygyra,500,,II,"live, wild-taken (not identifiable to species level) - Sabah",19/03/18,2018
Malaysia,Anthozoa,Plerogyra,"1,580",,II,"live, wild-taken (not identifiable to species level) - Sarawak",19/03/18,2018
Malaysia,Anthozoa,Plerogyra turbida,300,,II,"live, wild-taken (not identifiable to species level) - Sabah",19/03/18,2018
Malaysia,Anthozoa,Pocillopora,"1,000",,II,"live, wild-taken (not identifiable to species level) - Sabah",19/03/18,2018
Malaysia,Anthozoa,Pocillopora,"2,300",,II,"live, wild-taken (not identifiable to species level) - Sarawak",19/03/18,2018
Malaysia,Anthozoa,Pocillopora,"2,400",,II,"live, wild-taken - Peninsular Malaysia",19/03/18,2018
Malaysia,Anthozoa,Podabacia crustacea,550,,II,"live, wild-taken - Sarawak",19/03/18,2018
Malaysia,Anthozoa,Polyphyllia talpina,"1,150",,II,"live, wild-taken - Sarawak",19/03/18,2018
Malaysia,Anthozoa,Polyphyllia talpina,500,,II,"live, wild-taken - Sabah",19/03/18,2018
Malaysia,Anthozoa,Porites,"13,500",,II,"live, wild-taken (not identifiable to species level) - Sarawak",19/03/18,2018
Malaysia,Anthozoa,Porites,"2,000",,II,"live, wild-taken (not identifiable to species level) - Sabah",19/03/18,2018
Malaysia,Anthozoa,Porites,"74,420",,II,"live, wild-taken - Peninsular Malaysia",19/03/18,2018
Malaysia,Anthozoa,Psammocora,400,,II,"live, wild-taken (not identifiable to species level) - Sabah",19/03/18,2018
Malaysia,Anthozoa,Psammocora,600,,II,"live, wild-taken (not identifiable to species level) - Sarawak",19/03/18,2018
Malaysia,Aves,Psittacula longicauda,0,,II,"live, wild-taken - Peninsular Malaysia",19/03/18,2018
Malaysia,Aves,Psittinus cyanurus,0,,II,"live, wild-taken - Peninsular Malaysia",19/03/18,2018
Malaysia,Reptilia,Python curtus,"3,000",,II,"all, wild-taken - Sabah",19/03/18,2018
Malaysia,Reptilia,Python reticulatus,"155,000",,II,skins - Peninsular Malaysia,19/03/18,2018
Malaysia,Reptilia,Python reticulatus,"3,000",,II,"all, wild-taken - Sabah",19/03/18,2018
Malaysia,Anthozoa,Sandalolitha robusta,340,,II,"live, wild-taken - Sarawak",19/03/18,2018
Malaysia,Reptilia,Varanus salvator,0,,II,"all, wild-taken - Sarawak",25/04/18,2018
Malaysia,Anthozoa,Scleractinia,"20,000",,II/NC,substrate - Sabah (pieces of coral rock to which are attached invertebrates (of species not included in the CITES Appendices) and which are transported in water like live coral),19/03/18,2018
Malaysia,Anthozoa,Scleractinia,"448,000",,II/NC,substrate - Peninsular Malaysia (pieces of coral rock to which are attached invertebrates (of species not included in the CITES Appendices) and which are transported in water like live coral),19/03/18,2018
Malaysia,Anthozoa,Scleractinia,"650,000",,II/NC,substrate - Sarawak (pieces of coral rock to which are attached invertebrates (of species not included in the CITES Appendices) and which are transported in water like live coral),19/03/18,2018
Malaysia,Anthozoa,Scolymia,400,,II,"live, wild-taken (not identifiable to species level) - Sabah",19/03/18,2018
Malaysia,Anthozoa,Scolymia,650,,II,"live, wild-taken (not identifiable to species level) - Sarawak",19/03/18,2018
Malaysia,Anthozoa,Seriatopora,"13,900",,II,"live, wild-taken (not identifiable to species level) - Sarawak",19/03/18,2018
Malaysia,Anthozoa,Seriatopora,"2,000",,II,"live, wild-taken (not identifiable to species level) - Sabah",19/03/18,2018
Malaysia,Anthozoa,Siderastrea,"1,300",,II,"live, wild-taken (not identifiable to species level) - Sarawak",19/03/18,2018
Malaysia,Anthozoa,Siderastrea,500,,II,"live, wild-taken (not identifiable to species level) - Sabah",19/03/18,2018
Malaysia,Reptilia,Siebenrockiella crassicollis,0,,II,"live, wild-taken - Peninsular Malaysia",19/03/18,2018
Malaysia,Anthozoa,Stylophora,"1,200",,II,"live, wild-taken (not identifiable to species level) - Sarawak",19/03/18,2018
Malaysia,Anthozoa,Stylophora,500,,II,"live, wild-taken (not identifiable to species level) - Sabah",19/03/18,2018
Malaysia,Anthozoa,Symphyllia,"1,240",,II,"live, wild-taken - Peninsular Malaysia",19/03/18,2018
Malaysia,Anthozoa,Symphyllia,"1,850",,II,"live, wild-taken (not identifiable to species level) - Sarawak",19/03/18,2018
Malaysia,Anthozoa,Symphyllia,400,,II,"live, wild-taken (not identifiable to species level) - Sabah",19/03/18,2018
Malaysia,Anthozoa,Trachyphyllia geoffroyi,300,,II,"live, wild-taken - Sabah",19/03/18,2018
Malaysia,Anthozoa,Trachyphyllia geoffroyi,850,,II,"live, wild-taken - Sarawak",19/03/18,2018
Malaysia,Anthozoa,Tubastraea,300,,II,"live, wild-taken (not identifiable to species level) - Sabah",19/03/18,2018
Malaysia,Anthozoa,Tubastraea,650,,II,"live, wild-taken (not identifiable to species level) - Sarawak",19/03/18,2018
Malaysia,Anthozoa,Tubipora musica,"1,000",,II,"live, wild-taken - Peninsular Malaysia",19/03/18,2018
Malaysia,Anthozoa,Tubipora musica,"1,200",,II,"live, wild-taken - Sarawak",19/03/18,2018
Malaysia,Anthozoa,Tubipora musica,400,,II,"live, wild-taken - Sabah",19/03/18,2018
Malaysia,Anthozoa,Turbinaria,"1,860",,II,"live, wild-taken - Peninsular Malaysia",19/03/18,2018
Malaysia,Anthozoa,Turbinaria,"2,000",,II,"live, wild-taken (not identifiable to species level) - Sabah",19/03/18,2018
Malaysia,Anthozoa,Turbinaria,"4,500",,II,"live, wild-taken (not identifiable to species level) - Sarawak",19/03/18,2018
Malaysia,Reptilia,Varanus salvator,"3,000",,II,"all, wild-taken - Sabah",25/04/18,2018
Malaysia,Anthozoa,Zoopilus,950,,II,"live, wild-taken (not identifiable to species level) - Sarawak",19/03/18,2018
Malta,Actinopteri,Anguilla anguilla,0,,II,wild-taken,19/03/18,2018
Mozambique,Mammalia,Panthera pardus,120,,I,trophies and skins [Note: see Resolution Conf. 10.14 (Rev. CoP16)],19/03/18,2018
Namibia,Mammalia,Acinonyx jubatus *,150,,I,trophies (skins) and live specimens (Note: see annotation to this species included in Appendix I),19/03/18,2018
Namibia,Reptilia,Crocodylus niloticus,25,,I/II,trophies (skins),19/03/18,2018
Namibia,Mammalia,Diceros bicornis,5,,I,hunting trophies from adult males [Note: see Resolution Conf. 13.5(Rev.CoP14)],19/03/18,2018
Namibia,Mammalia,Loxodonta africana,180,,I/II,tusks as trophies from 90 animals,19/03/18,2018
Namibia,Mammalia,Panthera pardus,250,,I,trophies and skins [Note: see Resolution Conf. 10.14 (Rev. CoP16)],19/03/18,2018
Netherlands,Actinopteri,Anguilla anguilla,0,,II,wild-taken,19/03/18,2018
Poland,Actinopteri,Anguilla anguilla,0,,II,wild-taken,19/03/18,2018
Portugal,Actinopteri,Anguilla anguilla,0,,II,wild-taken,19/03/18,2018
Romania,Actinopteri,Anguilla anguilla,0,,II,wild-taken,19/03/18,2018
Russian Federation,Actinopteri,Acipenser gueldenstaedtii **,0,,II,Meat [Caspian Sea],19/03/18,2018
Russian Federation,Actinopteri,Acipenser gueldenstaedtii **,0,,II,Caviar [Azov Sea],19/03/18,2018
Russian Federation,Actinopteri,Acipenser gueldenstaedtii **,0,,II,Caviar [Caspian Sea],19/03/18,2018
Russian Federation,Actinopteri,Acipenser gueldenstaedtii **,0,,II,Meat [Azov Sea],19/03/18,2018
Russian Federation,Actinopteri,Acipenser nudiventris **,0,,II,Meat [Azov Sea],19/03/18,2018
Russian Federation,Actinopteri,Acipenser nudiventris **,0,,II,Meat [Caspian Sea],19/03/18,2018
Russian Federation,Actinopteri,Acipenser nudiventris **,0,,II,Caviar [Azov Sea],19/03/18,2018
Russian Federation,Actinopteri,Acipenser nudiventris **,0,,II,Caviar [Caspian Sea],19/03/18,2018
Russian Federation,Actinopteri,Acipenser persicus **,0,,II,Meat [Caspian Sea],19/03/18,2018
Russian Federation,Actinopteri,Acipenser persicus **,0,,II,Caviar [Caspian Sea],19/03/18,2018
Russian Federation,Actinopteri,Acipenser ruthenus **,0,,II,Caviar [Caspian Sea],19/03/18,2018
Russian Federation,Actinopteri,Acipenser ruthenus **,0,,II,Meat [Azov Sea],19/03/18,2018
Russian Federation,Actinopteri,Acipenser ruthenus **,0,,II,Meat [Caspian Sea],19/03/18,2018
Russian Federation,Actinopteri,Acipenser ruthenus **,0,,II,Caviar [Azov Sea],19/03/18,2018
Russian Federation,Actinopteri,Acipenser schrenckii **,0,,II,Caviar [Amur/Heilongjiang River],19/03/18,2018
Russian Federation,Actinopteri,Acipenser schrenckii **,0,,II,Meat [Amur/Heilongjiang River],19/03/18,2018
Russian Federation,Actinopteri,Acipenser stellatus **,0,,II,Caviar [Caspian Sea],19/03/18,2018
Russian Federation,Actinopteri,Acipenser stellatus **,0,,II,Meat [Azov Sea],19/03/18,2018
Russian Federation,Actinopteri,Acipenser stellatus **,0,,II,Meat [Caspian Sea],19/03/18,2018
Russian Federation,Actinopteri,Acipenser stellatus **,0,,II,Caviar [Azov Sea],19/03/18,2018
Russian Federation,Aves,Falco cherrug +,0,,II,,19/03/18,2018
Russian Federation,Actinopteri,Huso dauricus **,0,,II,Caviar [Amur/Heilongjiang River],19/03/18,2018
Russian Federation,Actinopteri,Huso dauricus **,0,,II,Meat [Amur/Heilongjiang River],19/03/18,2018
Russian Federation,Actinopteri,Huso huso **,0,,II,Caviar [Caspian Sea],19/03/18,2018
Russian Federation,Actinopteri,Huso huso **,0,,II,Meat [Azov Sea],19/03/18,2018
Russian Federation,Actinopteri,Huso huso **,0,,II,Meat [Caspian Sea],19/03/18,2018
Russian Federation,Actinopteri,Huso huso **,0,,II,Caviar [Azov Sea],19/03/18,2018
Slovakia,Actinopteri,Anguilla anguilla,0,,II,wild-taken,19/03/18,2018
Slovenia,Actinopteri,Anguilla anguilla,0,,II,wild-taken,19/03/18,2018
South Africa,Mammalia,Loxodonta africana,300,,I/II,tusks as trophies from 150 animals,19/03/18,2018
South Africa,Mammalia,Panthera pardus,150,,I,trophies and skins [Note: see Resolution Conf. 10.14 (Rev. CoP16)],19/03/18,2018
Spain,Actinopteri,Anguilla anguilla,0,,II,wild-taken,19/03/18,2018
Sweden,Actinopteri,Anguilla anguilla,0,,II,wild-taken,19/03/18,2018
Thailand,Reptilia,Naja kaouthia,"2,000",,II,skins and bodies,19/03/18,2018
Thailand,Reptilia,Naja kaouthia,500,,II,leather products (small),19/03/18,2018
Togo,Aves,Agapornis pullarius,"1,000",,II,wild-taken,19/03/18,2018
Togo,Reptilia,Calabaria reinhardtii,200,,II,wild-taken,19/03/18,2018
Togo,Reptilia,Calabaria reinhardtii,800,,II,ranched,19/03/18,2018
Togo,Reptilia,Centrochelys sulcata,700,,II,captive-bred,19/03/18,2018
Togo,Mammalia,Cercopithecus mona,25,,II,wild-taken,19/03/18,2018
Togo,Mammalia,Cercopithecus petaurista,15,,II,wild-taken,19/03/18,2018
Togo,Reptilia,Chamaeleo gracilis,0,,II,wild-taken,19/03/18,2018
Togo,Reptilia,Chamaeleo gracilis,"2,500",,II,ranched,19/03/18,2018
Togo,Reptilia,Chamaeleo senegalensis +,"5,000",,II,wild-taken,19/03/18,2018
Togo,Reptilia,Chamaeleo senegalensis +,"6,000",,II,ranched,19/03/18,2018
Togo,Mammalia,Erythrocebus patas,15,,II,wild-taken,19/03/18,2018
Togo,Mammalia,Galago demidoff,30,,II,wild-taken,19/03/18,2018
Togo,Mammalia,Galago senegalensis,25,,II,wild-taken,19/03/18,2018
Togo,Reptilia,Kinixys belliana,"3,500",,II,ranched,19/03/18,2018
Togo,Reptilia,Kinixys belliana,500,,II,wild-taken,19/03/18,2018
Togo,Reptilia,Kinixys homeana,0,,II,ranched origin (https://cites.org/sites/default/files/eng/com/sc/67/E-SC67-SR.pdf),19/03/18,2018
Togo,Reptilia,Kinixys homeana,500,,II,wild-taken(https://cites.org/sites/default/files/eng/com/sc/67/E-SC67-SR.pdf),19/03/18,2018
Togo,Mammalia,Leptailurus serval,25,,II,wild-taken,19/03/18,2018
Togo,Arachnida,Pandinus imperator,0,,II,wild-taken,19/03/18,2018
Togo,Arachnida,Pandinus imperator,0,,II,ranched,19/03/18,2018
Togo,Mammalia,Perodicticus potto,25,,II,wild-taken,19/03/18,2018
Togo,Aves,Poicephalus gulielmi,50,,II,wild-taken,19/03/18,2018
Togo,Aves,Poicephalus senegalus,300,,II,wild-taken,19/03/18,2018
Togo,Reptilia,Python regius +,"1,500",,II,wild-taken,19/03/18,2018
Togo,Reptilia,Python regius +,"62,500",,II,ranched,19/03/18,2018
Togo,Reptilia,Python sebae,"1,000",,II,ranched,19/03/18,2018
Togo,Reptilia,Python sebae,50,,II,wild-taken,19/03/18,2018
Togo,Reptilia,Varanus exanthematicus,"4,000",,II,wild-taken,19/03/18,2018
Togo,Reptilia,Varanus exanthematicus,"7,500",,II,ranched,19/03/18,2018
Togo,Reptilia,Varanus niloticus,"4,000",,II,wild-taken,19/03/18,2018
Togo,Reptilia,Varanus niloticus,"7,000",,II,ranched,19/03/18,2018
Togo,Reptilia,Varanus ornatus,prep.,,II,wild-taken,19/03/18,2018
Togo,Reptilia,Varanus ornatus,prep.,,II,ranched,19/03/18,2018
Tunisia,Actinopteri,Anguilla anguilla,"135,000",kg,II,wild-taken,19/03/18,2018
Turkey,Actinopteri,Anguilla anguilla,"70,000",kg,II,wild-taken,19/03/18,2018
Turkey,Primulaceae,Cyclamen cilicium,"200,000",,II,"tubers, wild-taken",19/03/18,2018
Turkey,Primulaceae,Cyclamen cilicium,"500,000",,II,artificially propagated tubers,19/03/18,2018
Turkey,Primulaceae,Cyclamen coum,"400,000",,II,artificially propagated tubers,19/03/18,2018
Turkey,Primulaceae,Cyclamen coum,"600,000",,II,"tubers, wild-taken",19/03/18,2018
Turkey,Primulaceae,Cyclamen hederifolium,"200,000",,II,"tubers, wild-taken",19/03/18,2018
Turkey,Primulaceae,Cyclamen hederifolium,"3,000,000",,II,artificially propagated tubers,19/03/18,2018
Turkey,Amaryllidaceae,Galanthus elwesii,"3,000,000",,II,"bulbs, wild-taken",19/03/18,2018
Turkey,Amaryllidaceae,Galanthus elwesii,"4,000,000",,II,artificially propagated bulbs,19/03/18,2018
Turkey,Amaryllidaceae,Galanthus woronowii,"3,000,000",,II,aritificially propagated bulbs,19/03/18,2018
Turkey,Amaryllidaceae,Galanthus woronowii,"3,000,000",,II,"bulbs, wild-taken",19/03/18,2018
Turkey,Hirudinoidea,Hirudo verbana,"2,000",kg,II,"live or frozen, wild-taken",19/03/18,2018
Turkmenistan,Actinopteri,Acipenser gueldenstaedtii **,0,,II,Caviar,19/03/18,2018
Turkmenistan,Actinopteri,Acipenser gueldenstaedtii **,0,,II,Meat,19/03/18,2018
Turkmenistan,Actinopteri,Acipenser nudiventris **,0,,II,Caviar,19/03/18,2018
Turkmenistan,Actinopteri,Acipenser nudiventris **,0,,II,Meat,19/03/18,2018
Turkmenistan,Actinopteri,Acipenser persicus **,0,,II,Caviar,19/03/18,2018
Turkmenistan,Actinopteri,Acipenser persicus **,0,,II,Meat,19/03/18,2018
Turkmenistan,Actinopteri,Acipenser ruthenus **,0,,II,Caviar,19/03/18,2018
Turkmenistan,Actinopteri,Acipenser ruthenus **,0,,II,Meat,19/03/18,2018
Turkmenistan,Actinopteri,Acipenser stellatus **,0,,II,Caviar,19/03/18,2018
Turkmenistan,Actinopteri,Acipenser stellatus **,0,,II,Meat,19/03/18,2018
Turkmenistan,Aves,Falco cherrug +,0,,II,,19/03/18,2018
Turkmenistan,Actinopteri,Huso huso **,0,,II,Caviar,19/03/18,2018
Turkmenistan,Actinopteri,Huso huso **,0,,II,Meat,19/03/18,2018
Uganda,Mammalia,Panthera pardus,28,,I,trophies and skins [Note: see Resolution Conf. 10.14 (Rev. CoP16)],19/03/18,2018
United Kingdom,Actinopteri,Anguilla anguilla,0,,II,wild-taken,19/03/18,2018
United Republic of Tanzania,Reptilia,Crocodylus niloticus,"1,600",,I/II,wild-taken specimens including hunting trophies (Note: see annotation to this species included in Appendix II),27/06/18,2018
United Republic of Tanzania,Reptilia,Crocodylus niloticus,400,,I/II,ranched,27/06/18,2018
United Republic of Tanzania,Mammalia,Hippopotamus amphibius +,"10,598",kg,II,teeth as trophies from 1200 animals,27/06/18,2018
United Republic of Tanzania,Mammalia,Loxodonta africana ‚Ä†,100,,I/II,Tusks as trophies from 50 animals,27/06/18,2018
United Republic of Tanzania,Mammalia,Panthera pardus,500,,I,trophies and skins [Note: see Resolution Conf. 10.14 (Rev. CoP16)],19/03/18,2018
Uzbekistan,Reptilia,Testudo horsfieldii,"11,500",,II,"live, captive-bred",19/03/18,2018
Uzbekistan,Reptilia,Testudo horsfieldii,"30,000",,II,"live, wild-taken",19/03/18,2018
Uzbekistan,Reptilia,Testudo horsfieldii,"32,270",,II,born in captivity (F or subsequent generation) as well as parts and derivatives,19/03/18,2018
Uzbekistan,Reptilia,Testudo horsfieldii,"41,650",,II,"live, ranched",19/03/18,2018
Zambia,Mammalia,Panthera pardus *,300,,I,trophies and skins. [Note: see Resolution Conf. 10.14 (Rev. CoP16)],19/03/18,2018
Zimbabwe,Mammalia,Panthera pardus,500,,I,trophies and skins. [Note: see Resolution Conf. 10.14 (Rev. CoP16)],19/03/18,2018